feature,shap,value,customer_index,feature_korean,mean1,mean2
WingsCount,0.5883066487684846,1,1,와이파이 확장기 수,윙즈(와이파이 확장기) 사용,SK 브로드밴드의 부가서비스를 이용
InternetProductName,0.1075722173252143,기가라이트,1,인터넷 상품명,기가인터넷 사용,기가인터넷 이용
MonthlyDeviceNumber,0.0820204686198849,13,1,와이파이 접속 기기 수,데이터 사용량 많음,인터넷 사용량이 많은 편이라 IPTV 이용에 적합합니다.
InternetProductName,0.0871799420390743,기가라이트,2,인터넷 상품명,기가인터넷 사용,기가인터넷 이용
MonthlyDeviceNumber,0.011360334069468,6,2,와이파이 접속 기기 수,데이터 사용량 많음,인터넷 사용량이 많은 편이라 IPTV 이용에 적합합니다.
WifiSubscriptionYesNo,0.0010985091142356,Y,2,와이파이 공유기 사용 여부,와이파이 사용,와이파이 사용
TotalOctetTransmitted_GB,0.1133885287883458,3.190100286,4,와이파이 사용 데이터 송신량,데이터 사용량 많음,인터넷 사용량이 많은 편이라 IPTV 이용에 적합합니다.
InternetProductName,0.0983892775978893,기가라이트,4,인터넷 상품명,기가인터넷 사용,기가인터넷 이용
WifiSubscriptionYesNo,0.0003075825516134,Y,4,와이파이 공유기 사용 여부,와이파이 사용,와이파이 사용
MonthlyDeviceNumber,0.130519692034868,10,5,와이파이 접속 기기 수,데이터 사용량 많음,인터넷 사용량이 많은 편이라 IPTV 이용에 적합합니다.
InternetProductName,0.0962207052588928,기가라이트,5,인터넷 상품명,기가인터넷 사용,기가인터넷 이용
WifiSubscriptionYesNo,0.0010985091142356,Y,5,와이파이 공유기 사용 여부,와이파이 사용,와이파이 사용
MonthlyDeviceNumber,0.0601942203927319,14,6,와이파이 접속 기기 수,데이터 사용량 많음,인터넷 사용량이 많은 편이라 IPTV 이용에 적합합니다.
InternetProductName,0.042388687855564,기가,6,인터넷 상품명,기가인터넷 사용,기가인터넷 이용
WifiSubscriptionYesNo,0.0010985091142356,Y,6,와이파이 공유기 사용 여부,와이파이 사용,와이파이 사용
ReAgreementYesNo,1.139397487466922,Y,7,재약정 여부,재약정함,재약정 이력이 있음
TotalOctetTransmitted_GB,0.1022995183512102,2.575070004,8,와이파이 사용 데이터 송신량,데이터 사용량 많음,인터넷 사용량이 많은 편이라 IPTV 이용에 적합합니다.
WifiSubscriptionYesNo,0.0003515229187905,Y,8,와이파이 공유기 사용 여부,와이파이 사용,와이파이 사용
MaxServiceAfscrbPassoverPeriod,0.1585030019271653,64,9,서비스 가입 후 경과 기간(월),장기고객,SK 브로드밴드 장기 이용 고객
TotalOctetReceived_GB,0.1535382909321924,132.0,9,와이파이 사용 데이터 수신량,데이터 사용량 많음,인터넷 사용량이 많은 편이라 IPTV 이용에 적합합니다.
InternetProductName,0.1016430047212634,기가라이트,9,인터넷 상품명,기가인터넷 사용,기가인터넷 이용
InternetProductName,0.1265031821315642,기가라이트,10,인터넷 상품명,기가인터넷 사용,기가인터넷 이용
MonthlyDeviceNumber,0.100680188749684,16,10,와이파이 접속 기기 수,데이터 사용량 많음,인터넷 사용량이 많은 편이라 IPTV 이용에 적합합니다.
WifiSubscriptionYesNo,0.0010985091142356,Y,10,와이파이 공유기 사용 여부,와이파이 사용,와이파이 사용
InternetProductName,0.1233291630691383,기가라이트,11,인터넷 상품명,기가인터넷 사용,기가인터넷 이용
TotalOctetReceived_GB,0.1016506659437436,77.458705431,11,와이파이 사용 데이터 수신량,데이터 사용량 많음,인터넷 사용량이 많은 편이라 IPTV 이용에 적합합니다.
WifiSubscriptionYesNo,0.0010985091142356,Y,11,와이파이 공유기 사용 여부,와이파이 사용,와이파이 사용
MaxServiceAfscrbPassoverPeriod,0.2549314630893059,59,12,서비스 가입 후 경과 기간(월),장기고객,SK 브로드밴드 장기 이용 고객
TotalOctetReceived_GB,0.174789569224813,151.0,12,와이파이 사용 데이터 수신량,데이터 사용량 많음,인터넷 사용량이 많은 편이라 IPTV 이용에 적합합니다.
InternetProductName,0.0725604297488462,기가,12,인터넷 상품명,기가인터넷 사용,기가인터넷 이용
WingsCount,0.6885794488014654,1,13,와이파이 확장기 수,윙즈(와이파이 확장기) 사용,SK 브로드밴드의 부가서비스를 이용
TotalOctetReceived_GB,0.2911274076334667,208.0,13,와이파이 사용 데이터 수신량,데이터 사용량 많음,인터넷 사용량이 많은 편이라 IPTV 이용에 적합합니다.
InternetProductName,0.0707776172488229,기가,13,인터넷 상품명,기가인터넷 사용,기가인터넷 이용
InternetProductName,0.0118950989306904,기가,14,인터넷 상품명,기가인터넷 사용,기가인터넷 이용
TotalOctetReceived_GB,0.0831856953341048,14.282842842,15,와이파이 사용 데이터 수신량,데이터 사용량 많음,인터넷 사용량이 많은 편이라 IPTV 이용에 적합합니다.
InternetProductName,0.0645745526626706,기가,15,인터넷 상품명,기가인터넷 사용,기가인터넷 이용
WifiSubscriptionYesNo,0.0028706984966993,Y,15,와이파이 공유기 사용 여부,와이파이 사용,와이파이 사용
WifiSubscriptionYesNo,0.0003515229187905,Y,16,와이파이 공유기 사용 여부,와이파이 사용,와이파이 사용
TotalOctetTransmitted_GB,0.1144744661927688,2.328007556,17,와이파이 사용 데이터 송신량,데이터 사용량 많음,인터넷 사용량이 많은 편이라 IPTV 이용에 적합합니다.
InternetProductName,0.1108151982433628,기가라이트,17,인터넷 상품명,기가인터넷 사용,기가인터넷 이용
WifiSubscriptionYesNo,0.0010985091142356,Y,17,와이파이 공유기 사용 여부,와이파이 사용,와이파이 사용
MonthlyDeviceNumber,0.050339606172638,14,18,와이파이 접속 기기 수,데이터 사용량 많음,인터넷 사용량이 많은 편이라 IPTV 이용에 적합합니다.
WifiSubscriptionYesNo,0.0003515229187905,Y,18,와이파이 공유기 사용 여부,와이파이 사용,와이파이 사용
MonthlyDeviceNumber,0.0732352906640153,12,19,와이파이 접속 기기 수,데이터 사용량 많음,인터넷 사용량이 많은 편이라 IPTV 이용에 적합합니다.
WifiSubscriptionYesNo,0.0003515229187905,Y,19,와이파이 공유기 사용 여부,와이파이 사용,와이파이 사용
InternetProductName,0.0880890533269848,기가라이트,21,인터넷 상품명,기가인터넷 사용,기가인터넷 이용
MonthlyDeviceNumber,0.0754932220172486,12,21,와이파이 접속 기기 수,데이터 사용량 많음,인터넷 사용량이 많은 편이라 IPTV 이용에 적합합니다.
WifiSubscriptionYesNo,0.0010985091142356,Y,21,와이파이 공유기 사용 여부,와이파이 사용,와이파이 사용
MaxServiceAfscrbPassoverPeriod,0.1538332371518481,92,22,서비스 가입 후 경과 기간(월),장기고객,SK 브로드밴드 장기 이용 고객
InternetProductName,0.0601159105356782,기가라이트,22,인터넷 상품명,기가인터넷 사용,기가인터넷 이용
MonthlyDeviceNumber,0.0349098763756046,16,22,와이파이 접속 기기 수,데이터 사용량 많음,인터넷 사용량이 많은 편이라 IPTV 이용에 적합합니다.
ReAgreementYesNo,1.1748437491821824,Y,23,재약정 여부,재약정함,재약정 이력이 있음
MonthlyDeviceNumber,0.065365843456675,14,23,와이파이 접속 기기 수,데이터 사용량 많음,인터넷 사용량이 많은 편이라 IPTV 이용에 적합합니다.
WifiSubscriptionYesNo,0.0001757614687085,Y,23,와이파이 공유기 사용 여부,와이파이 사용,와이파이 사용
TotalOctetReceived_GB,0.3036480292468331,194.0,24,와이파이 사용 데이터 수신량,데이터 사용량 많음,인터넷 사용량이 많은 편이라 IPTV 이용에 적합합니다.
WifiSubscriptionYesNo,0.0003515229187905,Y,24,와이파이 공유기 사용 여부,와이파이 사용,와이파이 사용
InternetProductName,0.0948752635077107,기가라이트,25,인터넷 상품명,기가인터넷 사용,기가인터넷 이용
MonthlyDeviceNumber,0.0836768568260595,12,25,와이파이 접속 기기 수,데이터 사용량 많음,인터넷 사용량이 많은 편이라 IPTV 이용에 적합합니다.
WifiSubscriptionYesNo,0.0010985091142356,Y,25,와이파이 공유기 사용 여부,와이파이 사용,와이파이 사용
TotalOctetReceived_GB,0.1120651307079242,104.0,26,와이파이 사용 데이터 수신량,데이터 사용량 많음,인터넷 사용량이 많은 편이라 IPTV 이용에 적합합니다.
WifiSubscriptionYesNo,0.0003515229187905,Y,26,와이파이 공유기 사용 여부,와이파이 사용,와이파이 사용
WifiSubscriptionYesNo,0.0003515229187905,Y,27,와이파이 공유기 사용 여부,와이파이 사용,와이파이 사용
MonthlyDeviceNumber,0.1044031233755231,11,28,와이파이 접속 기기 수,데이터 사용량 많음,인터넷 사용량이 많은 편이라 IPTV 이용에 적합합니다.
MaxServiceAfscrbPassoverPeriod,0.0293874660448636,58,28,서비스 가입 후 경과 기간(월),장기고객,SK 브로드밴드 장기 이용 고객
WifiSubscriptionYesNo,0.0003515229187905,Y,28,와이파이 공유기 사용 여부,와이파이 사용,와이파이 사용
ReAgreementYesNo,0.5242150770348962,Y,29,재약정 여부,재약정함,재약정 이력이 있음
MaxServiceAfscrbPassoverPeriod,0.2127306085592135,297,29,서비스 가입 후 경과 기간(월),장기고객,SK 브로드밴드 장기 이용 고객
InternetProductName,0.0871701411611866,기가라이트,30,인터넷 상품명,기가인터넷 사용,기가인터넷 이용
MonthlyDeviceNumber,0.081144498019421,14,30,와이파이 접속 기기 수,데이터 사용량 많음,인터넷 사용량이 많은 편이라 IPTV 이용에 적합합니다.
WifiSubscriptionYesNo,0.0010985091142356,Y,30,와이파이 공유기 사용 여부,와이파이 사용,와이파이 사용
InternetProductName,0.0659493247524369,기가라이트,31,인터넷 상품명,기가인터넷 사용,기가인터넷 이용
MaxServiceAfscrbPassoverPeriod,0.0066019182215677,82,31,서비스 가입 후 경과 기간(월),장기고객,SK 브로드밴드 장기 이용 고객
WifiSubscriptionYesNo,0.0010985091142356,Y,31,와이파이 공유기 사용 여부,와이파이 사용,와이파이 사용
MaxServiceAfscrbPassoverPeriod,0.1180653588974382,60,32,서비스 가입 후 경과 기간(월),장기고객,SK 브로드밴드 장기 이용 고객
InternetProductName,0.0416909758409019,기가,32,인터넷 상품명,기가인터넷 사용,기가인터넷 이용
TotalOctetReceived_GB,0.041139848864841,562.0,32,와이파이 사용 데이터 수신량,데이터 사용량 많음,인터넷 사용량이 많은 편이라 IPTV 이용에 적합합니다.
MaxServiceAfscrbPassoverPeriod,0.3172776401520241,67,33,서비스 가입 후 경과 기간(월),장기고객,SK 브로드밴드 장기 이용 고객
InternetProductName,0.0978670177108142,기가라이트,33,인터넷 상품명,기가인터넷 사용,기가인터넷 이용
TotalOctetTransmitted_GB,0.0344486704259179,38.609074747,33,와이파이 사용 데이터 송신량,데이터 사용량 많음,인터넷 사용량이 많은 편이라 IPTV 이용에 적합합니다.
MaxServiceAfscrbPassoverPeriod,0.2825884911959292,117,34,서비스 가입 후 경과 기간(월),장기고객,SK 브로드밴드 장기 이용 고객
InternetProductName,0.0807160837796982,기가라이트,34,인터넷 상품명,기가인터넷 사용,기가인터넷 이용
MonthlyDeviceNumber,0.0740680538526794,16,34,와이파이 접속 기기 수,데이터 사용량 많음,인터넷 사용량이 많은 편이라 IPTV 이용에 적합합니다.
MaxServiceAfscrbPassoverPeriod,0.1874510030646342,65,35,서비스 가입 후 경과 기간(월),장기고객,SK 브로드밴드 장기 이용 고객
InternetProductName,0.0847419410559814,기가라이트,35,인터넷 상품명,기가인터넷 사용,기가인터넷 이용
WifiSubscriptionYesNo,0.0010985091142356,Y,35,와이파이 공유기 사용 여부,와이파이 사용,와이파이 사용
InternetProductName,0.0643354254134465,기가라이트,36,인터넷 상품명,기가인터넷 사용,기가인터넷 이용
WifiSubscriptionYesNo,0.0010985091142356,Y,36,와이파이 공유기 사용 여부,와이파이 사용,와이파이 사용
InternetProductName,0.0956635657965671,기가라이트,37,인터넷 상품명,기가인터넷 사용,기가인터넷 이용
WifiSubscriptionYesNo,0.0010985091142356,Y,37,와이파이 공유기 사용 여부,와이파이 사용,와이파이 사용
ReAgreementYesNo,0.6601717705035116,Y,38,재약정 여부,재약정함,재약정 이력이 있음
InternetProductName,0.1135103297990281,기가라이트,38,인터넷 상품명,기가인터넷 사용,기가인터넷 이용
TotalOctetReceived_GB,0.0961258058593375,107.0,38,와이파이 사용 데이터 수신량,데이터 사용량 많음,인터넷 사용량이 많은 편이라 IPTV 이용에 적합합니다.
InternetProductName,0.0114459300215821,기가라이트,39,인터넷 상품명,기가인터넷 사용,기가인터넷 이용
WifiSubscriptionYesNo,0.0010985091142356,Y,39,와이파이 공유기 사용 여부,와이파이 사용,와이파이 사용
MonthlyDeviceNumber,0.0675126949511468,7,40,와이파이 접속 기기 수,데이터 사용량 많음,인터넷 사용량이 많은 편이라 IPTV 이용에 적합합니다.
WifiSubscriptionYesNo,0.0003515229187905,Y,40,와이파이 공유기 사용 여부,와이파이 사용,와이파이 사용
MaxServiceAfscrbPassoverPeriod,1.438387572048232,132,41,서비스 가입 후 경과 기간(월),장기고객,SK 브로드밴드 장기 이용 고객
ReAgreementYesNo,0.9007553083676612,Y,41,재약정 여부,재약정함,재약정 이력이 있음
MonthlyDeviceNumber,0.0908045144590141,11,41,와이파이 접속 기기 수,데이터 사용량 많음,인터넷 사용량이 많은 편이라 IPTV 이용에 적합합니다.
InternetProductName,0.0830756021488923,기가라이트,42,인터넷 상품명,기가인터넷 사용,기가인터넷 이용
MonthlyDeviceNumber,0.0375206527148839,8,42,와이파이 접속 기기 수,데이터 사용량 많음,인터넷 사용량이 많은 편이라 IPTV 이용에 적합합니다.
WifiSubscriptionYesNo,0.0010985091142356,Y,42,와이파이 공유기 사용 여부,와이파이 사용,와이파이 사용
TotalOctetTransmitted_GB,0.1159922951436601,49.299263142,43,와이파이 사용 데이터 송신량,데이터 사용량 많음,인터넷 사용량이 많은 편이라 IPTV 이용에 적합합니다.
InternetProductName,0.0643252690264489,기가,43,인터넷 상품명,기가인터넷 사용,기가인터넷 이용
WifiSubscriptionYesNo,0.0010985091142356,Y,43,와이파이 공유기 사용 여부,와이파이 사용,와이파이 사용
ReAgreementYesNo,1.0344807642526574,Y,44,재약정 여부,재약정함,재약정 이력이 있음
MaxServiceAfscrbPassoverPeriod,0.934340933013591,153,44,서비스 가입 후 경과 기간(월),장기고객,SK 브로드밴드 장기 이용 고객
InternetProductName,0.0649141129222698,기가라이트,44,인터넷 상품명,기가인터넷 사용,기가인터넷 이용
InternetProductName,0.1300596358929761,기가라이트,45,인터넷 상품명,기가인터넷 사용,기가인터넷 이용
WifiSubscriptionYesNo,0.0010985091142356,Y,45,와이파이 공유기 사용 여부,와이파이 사용,와이파이 사용
MaxServiceAfscrbPassoverPeriod,0.7931828493729699,150,46,서비스 가입 후 경과 기간(월),장기고객,SK 브로드밴드 장기 이용 고객
ReAgreementYesNo,0.6298302283778321,Y,46,재약정 여부,재약정함,재약정 이력이 있음
ReAgreementYesNo,0.6925315256620524,Y,47,재약정 여부,재약정함,재약정 이력이 있음
MaxServiceAfscrbPassoverPeriod,0.43426703529316,203,47,서비스 가입 후 경과 기간(월),장기고객,SK 브로드밴드 장기 이용 고객
TotalOctetTransmitted_GB,0.0880987432855181,72.18165943,47,와이파이 사용 데이터 송신량,데이터 사용량 많음,인터넷 사용량이 많은 편이라 IPTV 이용에 적합합니다.
TotalOctetReceived_GB,0.3249421854817774,195.0,48,와이파이 사용 데이터 수신량,데이터 사용량 많음,인터넷 사용량이 많은 편이라 IPTV 이용에 적합합니다.
MaxServiceAfscrbPassoverPeriod,0.160193879030412,65,48,서비스 가입 후 경과 기간(월),장기고객,SK 브로드밴드 장기 이용 고객
InternetProductName,0.1242438137310091,기가라이트,48,인터넷 상품명,기가인터넷 사용,기가인터넷 이용
InternetProductName,0.0789590867212973,기가라이트,49,인터넷 상품명,기가인터넷 사용,기가인터넷 이용
MonthlyDeviceNumber,0.0286224397167097,6,49,와이파이 접속 기기 수,데이터 사용량 많음,인터넷 사용량이 많은 편이라 IPTV 이용에 적합합니다.
WifiSubscriptionYesNo,0.0010985091142356,Y,49,와이파이 공유기 사용 여부,와이파이 사용,와이파이 사용
InternetProductName,0.080712548205629,기가라이트,50,인터넷 상품명,기가인터넷 사용,기가인터넷 이용
TotalOctetReceived_GB,0.0189132628706283,15.550330074,50,와이파이 사용 데이터 수신량,데이터 사용량 많음,인터넷 사용량이 많은 편이라 IPTV 이용에 적합합니다.
WifiSubscriptionYesNo,0.0010985091142356,Y,50,와이파이 공유기 사용 여부,와이파이 사용,와이파이 사용
InternetProductName,0.0185237731039524,기가,51,인터넷 상품명,기가인터넷 사용,기가인터넷 이용
WifiSubscriptionYesNo,0.0003075825516134,Y,51,와이파이 공유기 사용 여부,와이파이 사용,와이파이 사용
MaxServiceAfscrbPassoverPeriod,0.6313892420887715,197,52,서비스 가입 후 경과 기간(월),장기고객,SK 브로드밴드 장기 이용 고객
InternetProductName,0.048361787503818,기가라이트,52,인터넷 상품명,기가인터넷 사용,기가인터넷 이용
WifiSubscriptionYesNo,0.0003075825516134,Y,52,와이파이 공유기 사용 여부,와이파이 사용,와이파이 사용
ReAgreementYesNo,0.8862434898113133,Y,53,재약정 여부,재약정함,재약정 이력이 있음
MaxServiceAfscrbPassoverPeriod,0.7881440808519256,157,53,서비스 가입 후 경과 기간(월),장기고객,SK 브로드밴드 장기 이용 고객
TotalOctetTransmitted_GB,0.1400160506332758,4.181267403,53,와이파이 사용 데이터 송신량,데이터 사용량 많음,인터넷 사용량이 많은 편이라 IPTV 이용에 적합합니다.
InternetProductName,0.0645143689017277,기가라이트,54,인터넷 상품명,기가인터넷 사용,기가인터넷 이용
MonthlyDeviceNumber,0.0544609439939085,9,54,와이파이 접속 기기 수,데이터 사용량 많음,인터넷 사용량이 많은 편이라 IPTV 이용에 적합합니다.
WifiSubscriptionYesNo,0.0003075825516134,Y,54,와이파이 공유기 사용 여부,와이파이 사용,와이파이 사용
TotalOctetReceived_GB,0.3547390087135136,191.0,55,와이파이 사용 데이터 수신량,데이터 사용량 많음,인터넷 사용량이 많은 편이라 IPTV 이용에 적합합니다.
InternetProductName,0.1504732135299127,기가라이트,55,인터넷 상품명,기가인터넷 사용,기가인터넷 이용
WifiSubscriptionYesNo,0.0010985091142356,Y,55,와이파이 공유기 사용 여부,와이파이 사용,와이파이 사용
TotalOctetTransmitted_GB,0.140218107883702,3.032863215,56,와이파이 사용 데이터 송신량,데이터 사용량 많음,인터넷 사용량이 많은 편이라 IPTV 이용에 적합합니다.
InternetProductName,0.0894062375626526,기가라이트,56,인터넷 상품명,기가인터넷 사용,기가인터넷 이용
WifiSubscriptionYesNo,0.0010985091142356,Y,56,와이파이 공유기 사용 여부,와이파이 사용,와이파이 사용
InternetProductName,0.083986002682941,기가라이트,57,인터넷 상품명,기가인터넷 사용,기가인터넷 이용
TotalOctetTransmitted_GB,0.0414063433901174,1.601181229,57,와이파이 사용 데이터 송신량,데이터 사용량 많음,인터넷 사용량이 많은 편이라 IPTV 이용에 적합합니다.
WifiSubscriptionYesNo,0.0010985091142356,Y,57,와이파이 공유기 사용 여부,와이파이 사용,와이파이 사용
MaxServiceAfscrbPassoverPeriod,0.8478799445572076,123,58,서비스 가입 후 경과 기간(월),장기고객,SK 브로드밴드 장기 이용 고객
InternetProductName,0.0606087420496624,기가,58,인터넷 상품명,기가인터넷 사용,기가인터넷 이용
WifiSubscriptionYesNo,0.0003075825516134,Y,58,와이파이 공유기 사용 여부,와이파이 사용,와이파이 사용
ReAgreementYesNo,0.9317297280038476,Y,59,재약정 여부,재약정함,재약정 이력이 있음
MaxServiceAfscrbPassoverPeriod,0.6718952325440477,120,59,서비스 가입 후 경과 기간(월),장기고객,SK 브로드밴드 장기 이용 고객
MonthlyDeviceNumber,0.0742629451958055,12,59,와이파이 접속 기기 수,데이터 사용량 많음,인터넷 사용량이 많은 편이라 IPTV 이용에 적합합니다.
InternetProductName,0.0075701580860186,기가라이트,60,인터넷 상품명,기가인터넷 사용,기가인터넷 이용
InternetProductName,0.1043161250173579,기가라이트,61,인터넷 상품명,기가인터넷 사용,기가인터넷 이용
MonthlyDeviceNumber,0.0077375381859019,9,61,와이파이 접속 기기 수,데이터 사용량 많음,인터넷 사용량이 많은 편이라 IPTV 이용에 적합합니다.
WifiSubscriptionYesNo,0.0010985091142356,Y,61,와이파이 공유기 사용 여부,와이파이 사용,와이파이 사용
TotalOctetTransmitted_GB,0.1487125481225666,3.852123617,62,와이파이 사용 데이터 송신량,데이터 사용량 많음,인터넷 사용량이 많은 편이라 IPTV 이용에 적합합니다.
WifiSubscriptionYesNo,0.0003515229187905,Y,62,와이파이 공유기 사용 여부,와이파이 사용,와이파이 사용
MonthlyDeviceNumber,0.0279397741655702,9,63,와이파이 접속 기기 수,데이터 사용량 많음,인터넷 사용량이 많은 편이라 IPTV 이용에 적합합니다.
WifiSubscriptionYesNo,0.0003515229187905,Y,63,와이파이 공유기 사용 여부,와이파이 사용,와이파이 사용
TotalOctetTransmitted_GB,0.0877589424431789,2.131721945,65,와이파이 사용 데이터 송신량,데이터 사용량 많음,인터넷 사용량이 많은 편이라 IPTV 이용에 적합합니다.
WifiSubscriptionYesNo,0.0003515229187905,Y,65,와이파이 공유기 사용 여부,와이파이 사용,와이파이 사용
TotalOctetTransmitted_GB,0.087203624342801,1.670281263,66,와이파이 사용 데이터 송신량,데이터 사용량 많음,인터넷 사용량이 많은 편이라 IPTV 이용에 적합합니다.
WifiSubscriptionYesNo,0.0003515229187905,Y,66,와이파이 공유기 사용 여부,와이파이 사용,와이파이 사용
InternetProductName,0.0857989057444501,기가라이트,67,인터넷 상품명,기가인터넷 사용,기가인터넷 이용
WifiSubscriptionYesNo,0.0010985091142356,Y,67,와이파이 공유기 사용 여부,와이파이 사용,와이파이 사용
MonthlyDeviceNumber,0.0562686827452853,7,68,와이파이 접속 기기 수,데이터 사용량 많음,인터넷 사용량이 많은 편이라 IPTV 이용에 적합합니다.
WifiSubscriptionYesNo,0.0003515229187905,Y,68,와이파이 공유기 사용 여부,와이파이 사용,와이파이 사용
MonthlyDeviceNumber,0.1139936607063282,10,69,와이파이 접속 기기 수,데이터 사용량 많음,인터넷 사용량이 많은 편이라 IPTV 이용에 적합합니다.
InternetProductName,0.0991231929836794,기가라이트,69,인터넷 상품명,기가인터넷 사용,기가인터넷 이용
WifiSubscriptionYesNo,0.0010985091142356,Y,69,와이파이 공유기 사용 여부,와이파이 사용,와이파이 사용
InternetProductName,0.1128717827948276,기가라이트,70,인터넷 상품명,기가인터넷 사용,기가인터넷 이용
WifiSubscriptionYesNo,0.0010985091142356,Y,70,와이파이 공유기 사용 여부,와이파이 사용,와이파이 사용
TotalOctetTransmitted_GB,0.1470862534892512,72.171598704,71,와이파이 사용 데이터 송신량,데이터 사용량 많음,인터넷 사용량이 많은 편이라 IPTV 이용에 적합합니다.
WifiSubscriptionYesNo,0.0003515229187905,Y,71,와이파이 공유기 사용 여부,와이파이 사용,와이파이 사용
MaxServiceAfscrbPassoverPeriod,0.2538809370354283,58,72,서비스 가입 후 경과 기간(월),장기고객,SK 브로드밴드 장기 이용 고객
InternetProductName,0.0902935834636446,기가라이트,72,인터넷 상품명,기가인터넷 사용,기가인터넷 이용
TotalOctetTransmitted_GB,0.0436977709189523,77.222990127,72,와이파이 사용 데이터 송신량,데이터 사용량 많음,인터넷 사용량이 많은 편이라 IPTV 이용에 적합합니다.
TotalOctetReceived_GB,0.040063263362972,16.152498668,73,와이파이 사용 데이터 수신량,데이터 사용량 많음,인터넷 사용량이 많은 편이라 IPTV 이용에 적합합니다.
WifiSubscriptionYesNo,0.0003515229187905,Y,73,와이파이 공유기 사용 여부,와이파이 사용,와이파이 사용
TotalOctetReceived_GB,0.1665035771648399,389.0,74,와이파이 사용 데이터 수신량,데이터 사용량 많음,인터넷 사용량이 많은 편이라 IPTV 이용에 적합합니다.
InternetProductName,0.0701003625360317,기가,74,인터넷 상품명,기가인터넷 사용,기가인터넷 이용
WifiSubscriptionYesNo,0.0010985091142356,Y,74,와이파이 공유기 사용 여부,와이파이 사용,와이파이 사용
TotalOctetReceived_GB,0.0586773046401504,14.239317236,75,와이파이 사용 데이터 수신량,데이터 사용량 많음,인터넷 사용량이 많은 편이라 IPTV 이용에 적합합니다.
InternetProductName,0.0532768930599559,기가,75,인터넷 상품명,기가인터넷 사용,기가인터넷 이용
WifiSubscriptionYesNo,0.0010985091142356,Y,75,와이파이 공유기 사용 여부,와이파이 사용,와이파이 사용
InternetProductName,0.0444007750297896,기가,76,인터넷 상품명,기가인터넷 사용,기가인터넷 이용
TotalOctetTransmitted_GB,0.0132687586985412,6.869178032,76,와이파이 사용 데이터 송신량,데이터 사용량 많음,인터넷 사용량이 많은 편이라 IPTV 이용에 적합합니다.
WifiSubscriptionYesNo,0.0010985091142356,Y,76,와이파이 공유기 사용 여부,와이파이 사용,와이파이 사용
InternetProductName,0.0875809663266409,기가라이트,77,인터넷 상품명,기가인터넷 사용,기가인터넷 이용
WifiSubscriptionYesNo,0.0010985091142356,Y,77,와이파이 공유기 사용 여부,와이파이 사용,와이파이 사용
TotalOctetTransmitted_GB,0.1560719289197004,3.626152005,78,와이파이 사용 데이터 송신량,데이터 사용량 많음,인터넷 사용량이 많은 편이라 IPTV 이용에 적합합니다.
InternetProductName,0.1233015966741368,기가라이트,78,인터넷 상품명,기가인터넷 사용,기가인터넷 이용
WifiSubscriptionYesNo,0.0010985091142356,Y,78,와이파이 공유기 사용 여부,와이파이 사용,와이파이 사용
WingsCount,0.5553122596209868,1,79,와이파이 확장기 수,윙즈(와이파이 확장기) 사용,SK 브로드밴드의 부가서비스를 이용
MaxServiceAfscrbPassoverPeriod,0.5049565346614691,277,79,서비스 가입 후 경과 기간(월),장기고객,SK 브로드밴드 장기 이용 고객
TotalOctetTransmitted_GB,0.1929293172899633,3.678500183,79,와이파이 사용 데이터 송신량,데이터 사용량 많음,인터넷 사용량이 많은 편이라 IPTV 이용에 적합합니다.
TotalOctetReceived_GB,0.2889645851007663,112.0,80,와이파이 사용 데이터 수신량,데이터 사용량 많음,인터넷 사용량이 많은 편이라 IPTV 이용에 적합합니다.
InternetProductName,0.1452920655685011,기가라이트,80,인터넷 상품명,기가인터넷 사용,기가인터넷 이용
WifiSubscriptionYesNo,0.0010985091142356,Y,80,와이파이 공유기 사용 여부,와이파이 사용,와이파이 사용
TotalOctetTransmitted_GB,0.0383586230524815,1.481291994,81,와이파이 사용 데이터 송신량,데이터 사용량 많음,인터넷 사용량이 많은 편이라 IPTV 이용에 적합합니다.
WifiSubscriptionYesNo,0.0003515229187905,Y,81,와이파이 공유기 사용 여부,와이파이 사용,와이파이 사용
ReAgreementYesNo,1.1559189624415012,Y,82,재약정 여부,재약정함,재약정 이력이 있음
InternetProductName,0.0500230327236931,기가라이트,83,인터넷 상품명,기가인터넷 사용,기가인터넷 이용
MonthlyDeviceNumber,0.0393604137744114,7,83,와이파이 접속 기기 수,데이터 사용량 많음,인터넷 사용량이 많은 편이라 IPTV 이용에 적합합니다.
WifiSubscriptionYesNo,0.0003075825516134,Y,83,와이파이 공유기 사용 여부,와이파이 사용,와이파이 사용
WifiSubscriptionYesNo,0.0003515229187905,Y,84,와이파이 공유기 사용 여부,와이파이 사용,와이파이 사용
InternetProductName,0.0990792797319591,기가라이트,85,인터넷 상품명,기가인터넷 사용,기가인터넷 이용
TotalOctetReceived_GB,0.0040207868919242,32.49909681,85,와이파이 사용 데이터 수신량,데이터 사용량 많음,인터넷 사용량이 많은 편이라 IPTV 이용에 적합합니다.
WifiSubscriptionYesNo,0.0010985091142356,Y,85,와이파이 공유기 사용 여부,와이파이 사용,와이파이 사용
TotalOctetReceived_GB,0.1680071501966449,590.0,86,와이파이 사용 데이터 수신량,데이터 사용량 많음,인터넷 사용량이 많은 편이라 IPTV 이용에 적합합니다.
InternetProductName,0.1056607615842949,기가라이트,86,인터넷 상품명,기가인터넷 사용,기가인터넷 이용
WifiSubscriptionYesNo,0.0010985091142356,Y,86,와이파이 공유기 사용 여부,와이파이 사용,와이파이 사용
TotalOctetTransmitted_GB,0.1051049556990619,2.8529804,87,와이파이 사용 데이터 송신량,데이터 사용량 많음,인터넷 사용량이 많은 편이라 IPTV 이용에 적합합니다.
InternetProductName,0.0974434334412217,기가라이트,87,인터넷 상품명,기가인터넷 사용,기가인터넷 이용
WifiSubscriptionYesNo,0.0010985091142356,Y,87,와이파이 공유기 사용 여부,와이파이 사용,와이파이 사용
MonthlyDeviceNumber,0.149790537951485,12,88,와이파이 접속 기기 수,데이터 사용량 많음,인터넷 사용량이 많은 편이라 IPTV 이용에 적합합니다.
InternetProductName,0.0745428243145579,기가,88,인터넷 상품명,기가인터넷 사용,기가인터넷 이용
WifiSubscriptionYesNo,0.0010985091142356,Y,88,와이파이 공유기 사용 여부,와이파이 사용,와이파이 사용
ReAgreementYesNo,0.6270781380648259,Y,89,재약정 여부,재약정함,재약정 이력이 있음
TotalOctetReceived_GB,0.1864496530196629,110.0,89,와이파이 사용 데이터 수신량,데이터 사용량 많음,인터넷 사용량이 많은 편이라 IPTV 이용에 적합합니다.
InternetProductName,0.06336182336614,기가라이트,89,인터넷 상품명,기가인터넷 사용,기가인터넷 이용
ReAgreementYesNo,0.6976945531563251,Y,90,재약정 여부,재약정함,재약정 이력이 있음
TotalOctetTransmitted_GB,0.145583799771266,93.836106544,90,와이파이 사용 데이터 송신량,데이터 사용량 많음,인터넷 사용량이 많은 편이라 IPTV 이용에 적합합니다.
MaxServiceAfscrbPassoverPeriod,0.0973812741274014,59,90,서비스 가입 후 경과 기간(월),장기고객,SK 브로드밴드 장기 이용 고객
TotalOctetTransmitted_GB,0.111579014363233,2.510789565,91,와이파이 사용 데이터 송신량,데이터 사용량 많음,인터넷 사용량이 많은 편이라 IPTV 이용에 적합합니다.
WifiSubscriptionYesNo,0.0003515229187905,Y,91,와이파이 공유기 사용 여부,와이파이 사용,와이파이 사용
TotalOctetReceived_GB,0.1205060561298159,110.0,92,와이파이 사용 데이터 수신량,데이터 사용량 많음,인터넷 사용량이 많은 편이라 IPTV 이용에 적합합니다.
MaxServiceAfscrbPassoverPeriod,0.0694907166581833,72,92,서비스 가입 후 경과 기간(월),장기고객,SK 브로드밴드 장기 이용 고객
WifiSubscriptionYesNo,0.0003515229187905,Y,92,와이파이 공유기 사용 여부,와이파이 사용,와이파이 사용
TotalOctetTransmitted_GB,0.1557158087671268,2.226385928,93,와이파이 사용 데이터 송신량,데이터 사용량 많음,인터넷 사용량이 많은 편이라 IPTV 이용에 적합합니다.
InternetProductName,0.1036507370660547,기가라이트,93,인터넷 상품명,기가인터넷 사용,기가인터넷 이용
WifiSubscriptionYesNo,0.0010985091142356,Y,93,와이파이 공유기 사용 여부,와이파이 사용,와이파이 사용
TotalOctetTransmitted_GB,0.1751097678847145,72.362655151,94,와이파이 사용 데이터 송신량,데이터 사용량 많음,인터넷 사용량이 많은 편이라 IPTV 이용에 적합합니다.
InternetProductName,0.0849459932395257,기가라이트,94,인터넷 상품명,기가인터넷 사용,기가인터넷 이용
WifiSubscriptionYesNo,0.0010985091142356,Y,94,와이파이 공유기 사용 여부,와이파이 사용,와이파이 사용
MonthlyDeviceNumber,0.1014394603254913,11,95,와이파이 접속 기기 수,데이터 사용량 많음,인터넷 사용량이 많은 편이라 IPTV 이용에 적합합니다.
InternetProductName,0.0854798302287235,기가라이트,95,인터넷 상품명,기가인터넷 사용,기가인터넷 이용
WifiSubscriptionYesNo,0.0010985091142356,Y,95,와이파이 공유기 사용 여부,와이파이 사용,와이파이 사용
TotalOctetReceived_GB,0.1888060981716262,326.0,96,와이파이 사용 데이터 수신량,데이터 사용량 많음,인터넷 사용량이 많은 편이라 IPTV 이용에 적합합니다.
WifiSubscriptionYesNo,0.0003515229187905,Y,96,와이파이 공유기 사용 여부,와이파이 사용,와이파이 사용
MaxServiceAfscrbPassoverPeriod,0.6016864379693289,194,97,서비스 가입 후 경과 기간(월),장기고객,SK 브로드밴드 장기 이용 고객
TotalOctetReceived_GB,0.2217302996176295,112.0,97,와이파이 사용 데이터 수신량,데이터 사용량 많음,인터넷 사용량이 많은 편이라 IPTV 이용에 적합합니다.
InternetProductName,0.0857081085827667,기가라이트,97,인터넷 상품명,기가인터넷 사용,기가인터넷 이용
InternetProductName,0.1168467342376243,기가라이트,98,인터넷 상품명,기가인터넷 사용,기가인터넷 이용
MonthlyDeviceNumber,0.0094713495776522,14,98,와이파이 접속 기기 수,데이터 사용량 많음,인터넷 사용량이 많은 편이라 IPTV 이용에 적합합니다.
WifiSubscriptionYesNo,0.0010985091142356,Y,98,와이파이 공유기 사용 여부,와이파이 사용,와이파이 사용
InternetProductName,0.121788055478828,기가라이트,99,인터넷 상품명,기가인터넷 사용,기가인터넷 이용
TotalOctetTransmitted_GB,0.0017930858841282,11.619607118,99,와이파이 사용 데이터 송신량,데이터 사용량 많음,인터넷 사용량이 많은 편이라 IPTV 이용에 적합합니다.
WifiSubscriptionYesNo,0.0010985091142356,Y,99,와이파이 공유기 사용 여부,와이파이 사용,와이파이 사용
WingsCount,0.6750928627722896,1,101,와이파이 확장기 수,윙즈(와이파이 확장기) 사용,SK 브로드밴드의 부가서비스를 이용
MonthlyDeviceNumber,0.0999091799394227,13,101,와이파이 접속 기기 수,데이터 사용량 많음,인터넷 사용량이 많은 편이라 IPTV 이용에 적합합니다.
InternetProductName,0.099786595730111,기가라이트,101,인터넷 상품명,기가인터넷 사용,기가인터넷 이용
WifiSubscriptionYesNo,0.0003515229187905,Y,102,와이파이 공유기 사용 여부,와이파이 사용,와이파이 사용
TotalOctetReceived_GB,0.2744889050658093,840.0,103,와이파이 사용 데이터 수신량,데이터 사용량 많음,인터넷 사용량이 많은 편이라 IPTV 이용에 적합합니다.
InternetProductName,0.1034804995253216,기가라이트,103,인터넷 상품명,기가인터넷 사용,기가인터넷 이용
MaxServiceAfscrbPassoverPeriod,0.082859667269513,90,103,서비스 가입 후 경과 기간(월),장기고객,SK 브로드밴드 장기 이용 고객
WifiSubscriptionYesNo,0.0003515229187905,Y,104,와이파이 공유기 사용 여부,와이파이 사용,와이파이 사용
MonthlyDeviceNumber,0.0802661516293301,13,105,와이파이 접속 기기 수,데이터 사용량 많음,인터넷 사용량이 많은 편이라 IPTV 이용에 적합합니다.
InternetProductName,0.0614860280975699,기가,105,인터넷 상품명,기가인터넷 사용,기가인터넷 이용
WifiSubscriptionYesNo,0.0010985091142356,Y,105,와이파이 공유기 사용 여부,와이파이 사용,와이파이 사용
TotalOctetTransmitted_GB,0.468774338804651,284.0,106,와이파이 사용 데이터 송신량,데이터 사용량 많음,인터넷 사용량이 많은 편이라 IPTV 이용에 적합합니다.
WifiSubscriptionYesNo,0.0001757614687085,Y,106,와이파이 공유기 사용 여부,와이파이 사용,와이파이 사용
MonthlyDeviceNumber,0.0251500395801849,6,107,와이파이 접속 기기 수,데이터 사용량 많음,인터넷 사용량이 많은 편이라 IPTV 이용에 적합합니다.
WifiSubscriptionYesNo,0.0003515229187905,Y,107,와이파이 공유기 사용 여부,와이파이 사용,와이파이 사용
InternetProductName,0.0547785347967874,기가,108,인터넷 상품명,기가인터넷 사용,기가인터넷 이용
MonthlyDeviceNumber,0.0514297412244195,16,108,와이파이 접속 기기 수,데이터 사용량 많음,인터넷 사용량이 많은 편이라 IPTV 이용에 적합합니다.
WifiSubscriptionYesNo,0.0010985091142356,Y,108,와이파이 공유기 사용 여부,와이파이 사용,와이파이 사용
MaxServiceAfscrbPassoverPeriod,1.4771402196143757,142,109,서비스 가입 후 경과 기간(월),장기고객,SK 브로드밴드 장기 이용 고객
TotalOctetTransmitted_GB,0.5190069961163681,370.0,109,와이파이 사용 데이터 송신량,데이터 사용량 많음,인터넷 사용량이 많은 편이라 IPTV 이용에 적합합니다.
InternetProductName,0.0600328130368143,기가라이트,109,인터넷 상품명,기가인터넷 사용,기가인터넷 이용
MonthlyDeviceNumber,0.0258268570923246,6,110,와이파이 접속 기기 수,데이터 사용량 많음,인터넷 사용량이 많은 편이라 IPTV 이용에 적합합니다.
WifiSubscriptionYesNo,0.0003515229187905,Y,110,와이파이 공유기 사용 여부,와이파이 사용,와이파이 사용
MaxServiceAfscrbPassoverPeriod,0.8513361008802894,173,111,서비스 가입 후 경과 기간(월),장기고객,SK 브로드밴드 장기 이용 고객
TotalOctetReceived_GB,0.2078208259772509,402.0,111,와이파이 사용 데이터 수신량,데이터 사용량 많음,인터넷 사용량이 많은 편이라 IPTV 이용에 적합합니다.
InternetProductName,0.0777429994393605,기가라이트,111,인터넷 상품명,기가인터넷 사용,기가인터넷 이용
ReAgreementYesNo,0.3948565421928651,Y,112,재약정 여부,재약정함,재약정 이력이 있음
TotalOctetReceived_GB,0.3057886386163591,185.0,112,와이파이 사용 데이터 수신량,데이터 사용량 많음,인터넷 사용량이 많은 편이라 IPTV 이용에 적합합니다.
InternetProductName,0.1093207884894218,기가라이트,112,인터넷 상품명,기가인터넷 사용,기가인터넷 이용
TotalOctetTransmitted_GB,0.08179951477563,3.161658126,113,와이파이 사용 데이터 송신량,데이터 사용량 많음,인터넷 사용량이 많은 편이라 IPTV 이용에 적합합니다.
WifiSubscriptionYesNo,0.0003515229187905,Y,113,와이파이 공유기 사용 여부,와이파이 사용,와이파이 사용
InternetProductName,0.0851564269559457,기가라이트,114,인터넷 상품명,기가인터넷 사용,기가인터넷 이용
WifiSubscriptionYesNo,0.0010985091142356,Y,114,와이파이 공유기 사용 여부,와이파이 사용,와이파이 사용
MaxServiceAfscrbPassoverPeriod,0.3619693348137662,59,115,서비스 가입 후 경과 기간(월),장기고객,SK 브로드밴드 장기 이용 고객
TotalOctetReceived_GB,0.0168916535866446,20.919045408,115,와이파이 사용 데이터 수신량,데이터 사용량 많음,인터넷 사용량이 많은 편이라 IPTV 이용에 적합합니다.
WifiSubscriptionYesNo,0.0003515229187905,Y,115,와이파이 공유기 사용 여부,와이파이 사용,와이파이 사용
InternetProductName,0.0856315546634141,기가라이트,116,인터넷 상품명,기가인터넷 사용,기가인터넷 이용
TotalOctetTransmitted_GB,0.0065765291289426,1.606450836,116,와이파이 사용 데이터 송신량,데이터 사용량 많음,인터넷 사용량이 많은 편이라 IPTV 이용에 적합합니다.
WifiSubscriptionYesNo,0.0010985091142356,Y,116,와이파이 공유기 사용 여부,와이파이 사용,와이파이 사용
WifiSubscriptionYesNo,0.0003515229187905,Y,117,와이파이 공유기 사용 여부,와이파이 사용,와이파이 사용
InternetProductName,0.0841134878236334,기가라이트,118,인터넷 상품명,기가인터넷 사용,기가인터넷 이용
TotalOctetTransmitted_GB,0.0622185273049399,1.651946001,118,와이파이 사용 데이터 송신량,데이터 사용량 많음,인터넷 사용량이 많은 편이라 IPTV 이용에 적합합니다.
WifiSubscriptionYesNo,0.0010985091142356,Y,118,와이파이 공유기 사용 여부,와이파이 사용,와이파이 사용
MonthlyDeviceNumber,0.1371212473988998,12,119,와이파이 접속 기기 수,데이터 사용량 많음,인터넷 사용량이 많은 편이라 IPTV 이용에 적합합니다.
InternetProductName,0.0833306432922836,기가라이트,119,인터넷 상품명,기가인터넷 사용,기가인터넷 이용
WifiSubscriptionYesNo,0.0010985091142356,Y,119,와이파이 공유기 사용 여부,와이파이 사용,와이파이 사용
WingsCount,0.4559590993472375,1,120,와이파이 확장기 수,윙즈(와이파이 확장기) 사용,SK 브로드밴드의 부가서비스를 이용
InternetProductName,0.0944414575397968,기가라이트,120,인터넷 상품명,기가인터넷 사용,기가인터넷 이용
MonthlyDeviceNumber,0.0204991156607866,9,120,와이파이 접속 기기 수,데이터 사용량 많음,인터넷 사용량이 많은 편이라 IPTV 이용에 적합합니다.
MonthlyDeviceNumber,0.0433777498555718,16,121,와이파이 접속 기기 수,데이터 사용량 많음,인터넷 사용량이 많은 편이라 IPTV 이용에 적합합니다.
WifiSubscriptionYesNo,0.0003515229187905,Y,121,와이파이 공유기 사용 여부,와이파이 사용,와이파이 사용
MaxServiceAfscrbPassoverPeriod,1.4656063183303922,129,122,서비스 가입 후 경과 기간(월),장기고객,SK 브로드밴드 장기 이용 고객
InternetProductName,0.066955140097998,기가,122,인터넷 상품명,기가인터넷 사용,기가인터넷 이용
MonthlyDeviceNumber,0.0614054075667809,14,122,와이파이 접속 기기 수,데이터 사용량 많음,인터넷 사용량이 많은 편이라 IPTV 이용에 적합합니다.
TotalOctetTransmitted_GB,0.0910058358332025,4.537131955,123,와이파이 사용 데이터 송신량,데이터 사용량 많음,인터넷 사용량이 많은 편이라 IPTV 이용에 적합합니다.
InternetProductName,0.0756518837530166,기가라이트,123,인터넷 상품명,기가인터넷 사용,기가인터넷 이용
WifiSubscriptionYesNo,0.0010985091142356,Y,123,와이파이 공유기 사용 여부,와이파이 사용,와이파이 사용
MaxServiceAfscrbPassoverPeriod,1.1746156400028849,150,124,서비스 가입 후 경과 기간(월),장기고객,SK 브로드밴드 장기 이용 고객
TotalOctetReceived_GB,0.230992676821188,765.0,124,와이파이 사용 데이터 수신량,데이터 사용량 많음,인터넷 사용량이 많은 편이라 IPTV 이용에 적합합니다.
InternetProductName,0.0869467635615728,기가라이트,124,인터넷 상품명,기가인터넷 사용,기가인터넷 이용
MaxServiceAfscrbPassoverPeriod,1.4406375797360669,131,125,서비스 가입 후 경과 기간(월),장기고객,SK 브로드밴드 장기 이용 고객
InternetProductName,0.0478836321528069,기가라이트,125,인터넷 상품명,기가인터넷 사용,기가인터넷 이용
WifiSubscriptionYesNo,0.0003075825516134,Y,125,와이파이 공유기 사용 여부,와이파이 사용,와이파이 사용
MonthlyDeviceNumber,0.1321848697650421,10,126,와이파이 접속 기기 수,데이터 사용량 많음,인터넷 사용량이 많은 편이라 IPTV 이용에 적합합니다.
InternetProductName,0.0741558879904914,기가라이트,126,인터넷 상품명,기가인터넷 사용,기가인터넷 이용
WifiSubscriptionYesNo,0.0010985091142356,Y,126,와이파이 공유기 사용 여부,와이파이 사용,와이파이 사용
MonthlyDeviceNumber,0.1216761866824526,10,127,와이파이 접속 기기 수,데이터 사용량 많음,인터넷 사용량이 많은 편이라 IPTV 이용에 적합합니다.
WifiSubscriptionYesNo,0.0003515229187905,Y,127,와이파이 공유기 사용 여부,와이파이 사용,와이파이 사용
MaxServiceAfscrbPassoverPeriod,1.1252442376001273,147,128,서비스 가입 후 경과 기간(월),장기고객,SK 브로드밴드 장기 이용 고객
MonthlyDeviceNumber,0.068377973864699,12,128,와이파이 접속 기기 수,데이터 사용량 많음,인터넷 사용량이 많은 편이라 IPTV 이용에 적합합니다.
InternetProductName,0.0660704264009837,기가라이트,128,인터넷 상품명,기가인터넷 사용,기가인터넷 이용
WifiSubscriptionYesNo,0.0003515229187905,Y,129,와이파이 공유기 사용 여부,와이파이 사용,와이파이 사용
WifiSubscriptionYesNo,0.0003515229187905,Y,130,와이파이 공유기 사용 여부,와이파이 사용,와이파이 사용
TotalOctetReceived_GB,0.1803389803948812,114.0,131,와이파이 사용 데이터 수신량,데이터 사용량 많음,인터넷 사용량이 많은 편이라 IPTV 이용에 적합합니다.
InternetProductName,0.0945346445508766,기가라이트,131,인터넷 상품명,기가인터넷 사용,기가인터넷 이용
WifiSubscriptionYesNo,0.0003075825516134,Y,131,와이파이 공유기 사용 여부,와이파이 사용,와이파이 사용
InternetProductName,0.1088962945307139,기가라이트,132,인터넷 상품명,기가인터넷 사용,기가인터넷 이용
MonthlyDeviceNumber,0.0961064677336253,15,132,와이파이 접속 기기 수,데이터 사용량 많음,인터넷 사용량이 많은 편이라 IPTV 이용에 적합합니다.
WifiSubscriptionYesNo,0.0010985091142356,Y,132,와이파이 공유기 사용 여부,와이파이 사용,와이파이 사용
ReAgreementYesNo,0.6353414792311378,Y,133,재약정 여부,재약정함,재약정 이력이 있음
MaxServiceAfscrbPassoverPeriod,0.2009091358102159,262,133,서비스 가입 후 경과 기간(월),장기고객,SK 브로드밴드 장기 이용 고객
TotalOctetTransmitted_GB,0.1531433583120815,2.436530181,133,와이파이 사용 데이터 송신량,데이터 사용량 많음,인터넷 사용량이 많은 편이라 IPTV 이용에 적합합니다.
InternetProductName,0.0750724025256931,기가,134,인터넷 상품명,기가인터넷 사용,기가인터넷 이용
WifiSubscriptionYesNo,0.0010985091142356,Y,134,와이파이 공유기 사용 여부,와이파이 사용,와이파이 사용
MaxServiceAfscrbPassoverPeriod,1.3642442380829016,136,135,서비스 가입 후 경과 기간(월),장기고객,SK 브로드밴드 장기 이용 고객
InternetProductName,0.0560432052263058,기가라이트,135,인터넷 상품명,기가인터넷 사용,기가인터넷 이용
MonthlyDeviceNumber,0.0272965710346761,14,135,와이파이 접속 기기 수,데이터 사용량 많음,인터넷 사용량이 많은 편이라 IPTV 이용에 적합합니다.
TotalOctetReceived_GB,0.1199357623717514,112.0,136,와이파이 사용 데이터 수신량,데이터 사용량 많음,인터넷 사용량이 많은 편이라 IPTV 이용에 적합합니다.
InternetProductName,0.0932170619082171,기가라이트,136,인터넷 상품명,기가인터넷 사용,기가인터넷 이용
WifiSubscriptionYesNo,0.0010985091142356,Y,136,와이파이 공유기 사용 여부,와이파이 사용,와이파이 사용
MaxServiceAfscrbPassoverPeriod,1.2720190480089513,138,137,서비스 가입 후 경과 기간(월),장기고객,SK 브로드밴드 장기 이용 고객
MonthlyDeviceNumber,0.0867955095753131,10,137,와이파이 접속 기기 수,데이터 사용량 많음,인터넷 사용량이 많은 편이라 IPTV 이용에 적합합니다.
InternetProductName,0.0633397546783089,기가라이트,137,인터넷 상품명,기가인터넷 사용,기가인터넷 이용
TotalOctetTransmitted_GB,0.1392213475320022,54.81753111,138,와이파이 사용 데이터 송신량,데이터 사용량 많음,인터넷 사용량이 많은 편이라 IPTV 이용에 적합합니다.
MaxServiceAfscrbPassoverPeriod,0.1194047026534099,80,138,서비스 가입 후 경과 기간(월),장기고객,SK 브로드밴드 장기 이용 고객
InternetProductName,0.0714068791130557,기가라이트,138,인터넷 상품명,기가인터넷 사용,기가인터넷 이용
InternetProductName,0.1086573289858642,기가라이트,139,인터넷 상품명,기가인터넷 사용,기가인터넷 이용
MonthlyDeviceNumber,0.0045413685252424,13,139,와이파이 접속 기기 수,데이터 사용량 많음,인터넷 사용량이 많은 편이라 IPTV 이용에 적합합니다.
WifiSubscriptionYesNo,0.0010985091142356,Y,139,와이파이 공유기 사용 여부,와이파이 사용,와이파이 사용
MaxServiceAfscrbPassoverPeriod,1.297852763539995,142,140,서비스 가입 후 경과 기간(월),장기고객,SK 브로드밴드 장기 이용 고객
InternetProductName,0.0493897494778502,기가라이트,140,인터넷 상품명,기가인터넷 사용,기가인터넷 이용
TotalOctetTransmitted_GB,0.0182569150323979,1.429394647,140,와이파이 사용 데이터 송신량,데이터 사용량 많음,인터넷 사용량이 많은 편이라 IPTV 이용에 적합합니다.
InternetProductName,0.0471316106058657,기가라이트,141,인터넷 상품명,기가인터넷 사용,기가인터넷 이용
WifiSubscriptionYesNo,0.0003075825516134,Y,141,와이파이 공유기 사용 여부,와이파이 사용,와이파이 사용
TotalOctetTransmitted_GB,0.0461737520049791,1.491860735,142,와이파이 사용 데이터 송신량,데이터 사용량 많음,인터넷 사용량이 많은 편이라 IPTV 이용에 적합합니다.
WifiSubscriptionYesNo,0.0003515229187905,Y,142,와이파이 공유기 사용 여부,와이파이 사용,와이파이 사용
MaxServiceAfscrbPassoverPeriod,0.6703884202669724,82,143,서비스 가입 후 경과 기간(월),장기고객,SK 브로드밴드 장기 이용 고객
MonthlyDeviceNumber,0.0689634205658512,13,143,와이파이 접속 기기 수,데이터 사용량 많음,인터넷 사용량이 많은 편이라 IPTV 이용에 적합합니다.
WifiSubscriptionYesNo,0.0003515229187905,Y,143,와이파이 공유기 사용 여부,와이파이 사용,와이파이 사용
MaxServiceAfscrbPassoverPeriod,1.476834749878617,134,144,서비스 가입 후 경과 기간(월),장기고객,SK 브로드밴드 장기 이용 고객
ReAgreementYesNo,0.9857704719298636,Y,144,재약정 여부,재약정함,재약정 이력이 있음
TotalOctetReceived_GB,0.0924809112260118,81.769766958,144,와이파이 사용 데이터 수신량,데이터 사용량 많음,인터넷 사용량이 많은 편이라 IPTV 이용에 적합합니다.
InternetProductName,0.104975346015999,기가라이트,145,인터넷 상품명,기가인터넷 사용,기가인터넷 이용
WifiSubscriptionYesNo,0.0010985091142356,Y,145,와이파이 공유기 사용 여부,와이파이 사용,와이파이 사용
MaxServiceAfscrbPassoverPeriod,0.1725024669559206,81,146,서비스 가입 후 경과 기간(월),장기고객,SK 브로드밴드 장기 이용 고객
TotalOctetTransmitted_GB,0.1418181890953565,54.793349367,146,와이파이 사용 데이터 송신량,데이터 사용량 많음,인터넷 사용량이 많은 편이라 IPTV 이용에 적합합니다.
InternetProductName,0.0755785470921546,기가라이트,146,인터넷 상품명,기가인터넷 사용,기가인터넷 이용
InternetProductName,0.066603933093138,기가,147,인터넷 상품명,기가인터넷 사용,기가인터넷 이용
MonthlyDeviceNumber,0.0565797274358919,14,147,와이파이 접속 기기 수,데이터 사용량 많음,인터넷 사용량이 많은 편이라 IPTV 이용에 적합합니다.
WifiSubscriptionYesNo,0.0010985091142356,Y,147,와이파이 공유기 사용 여부,와이파이 사용,와이파이 사용
InternetProductName,0.1096137746458407,기가라이트,148,인터넷 상품명,기가인터넷 사용,기가인터넷 이용
WifiSubscriptionYesNo,0.0010985091142356,Y,148,와이파이 공유기 사용 여부,와이파이 사용,와이파이 사용
InternetProductName,0.0941851595009211,기가라이트,149,인터넷 상품명,기가인터넷 사용,기가인터넷 이용
MonthlyDeviceNumber,0.0247681678668595,14,149,와이파이 접속 기기 수,데이터 사용량 많음,인터넷 사용량이 많은 편이라 IPTV 이용에 적합합니다.
WifiSubscriptionYesNo,0.0010985091142356,Y,149,와이파이 공유기 사용 여부,와이파이 사용,와이파이 사용
WifiSubscriptionYesNo,0.0003515229187905,Y,150,와이파이 공유기 사용 여부,와이파이 사용,와이파이 사용
TotalOctetReceived_GB,0.1628424607077613,553.0,151,와이파이 사용 데이터 수신량,데이터 사용량 많음,인터넷 사용량이 많은 편이라 IPTV 이용에 적합합니다.
InternetProductName,0.0873027873752289,기가라이트,151,인터넷 상품명,기가인터넷 사용,기가인터넷 이용
WifiSubscriptionYesNo,0.0010985091142356,Y,151,와이파이 공유기 사용 여부,와이파이 사용,와이파이 사용
TotalOctetTransmitted_GB,0.1301649630299653,72.980090779,152,와이파이 사용 데이터 송신량,데이터 사용량 많음,인터넷 사용량이 많은 편이라 IPTV 이용에 적합합니다.
InternetProductName,0.0522701019828673,기가,152,인터넷 상품명,기가인터넷 사용,기가인터넷 이용
WifiSubscriptionYesNo,0.0010985091142356,Y,152,와이파이 공유기 사용 여부,와이파이 사용,와이파이 사용
MaxServiceAfscrbPassoverPeriod,1.4708714007155503,125,153,서비스 가입 후 경과 기간(월),장기고객,SK 브로드밴드 장기 이용 고객
ReAgreementYesNo,0.9150000042835018,Y,153,재약정 여부,재약정함,재약정 이력이 있음
InternetProductName,0.0396927392552606,기가라이트,153,인터넷 상품명,기가인터넷 사용,기가인터넷 이용
MonthlyDeviceNumber,0.0810050332034006,7,154,와이파이 접속 기기 수,데이터 사용량 많음,인터넷 사용량이 많은 편이라 IPTV 이용에 적합합니다.
WifiSubscriptionYesNo,0.0003515229187905,Y,154,와이파이 공유기 사용 여부,와이파이 사용,와이파이 사용
WifiSubscriptionYesNo,0.0003515229187905,Y,155,와이파이 공유기 사용 여부,와이파이 사용,와이파이 사용
InternetProductName,0.0942064853489864,기가라이트,156,인터넷 상품명,기가인터넷 사용,기가인터넷 이용
TotalOctetReceived_GB,0.0823279904498485,214.0,156,와이파이 사용 데이터 수신량,데이터 사용량 많음,인터넷 사용량이 많은 편이라 IPTV 이용에 적합합니다.
WifiSubscriptionYesNo,0.0003075825516134,Y,156,와이파이 공유기 사용 여부,와이파이 사용,와이파이 사용
WifiSubscriptionYesNo,0.0003515229187905,Y,157,와이파이 공유기 사용 여부,와이파이 사용,와이파이 사용
InternetProductName,0.0586866874003317,기가,158,인터넷 상품명,기가인터넷 사용,기가인터넷 이용
MonthlyDeviceNumber,0.0224190315266605,15,158,와이파이 접속 기기 수,데이터 사용량 많음,인터넷 사용량이 많은 편이라 IPTV 이용에 적합합니다.
WifiSubscriptionYesNo,0.0010985091142356,Y,158,와이파이 공유기 사용 여부,와이파이 사용,와이파이 사용
WifiSubscriptionYesNo,0.0003515229187905,Y,159,와이파이 공유기 사용 여부,와이파이 사용,와이파이 사용
WifiSubscriptionYesNo,0.0003515229187905,Y,160,와이파이 공유기 사용 여부,와이파이 사용,와이파이 사용
WingsCount,0.743867596994387,1,161,와이파이 확장기 수,윙즈(와이파이 확장기) 사용,SK 브로드밴드의 부가서비스를 이용
TotalOctetReceived_GB,0.1542599408101523,132.0,161,와이파이 사용 데이터 수신량,데이터 사용량 많음,인터넷 사용량이 많은 편이라 IPTV 이용에 적합합니다.
InternetProductName,0.1107545431470498,기가라이트,161,인터넷 상품명,기가인터넷 사용,기가인터넷 이용
MaxServiceAfscrbPassoverPeriod,0.2721620106400223,216,162,서비스 가입 후 경과 기간(월),장기고객,SK 브로드밴드 장기 이용 고객
InternetProductName,0.0322843709381413,기가라이트,162,인터넷 상품명,기가인터넷 사용,기가인터넷 이용
WifiSubscriptionYesNo,0.0003075825516134,Y,162,와이파이 공유기 사용 여부,와이파이 사용,와이파이 사용
InternetProductName,0.088626676708227,기가라이트,163,인터넷 상품명,기가인터넷 사용,기가인터넷 이용
MonthlyDeviceNumber,0.0452713418996427,7,163,와이파이 접속 기기 수,데이터 사용량 많음,인터넷 사용량이 많은 편이라 IPTV 이용에 적합합니다.
WifiSubscriptionYesNo,0.0010985091142356,Y,163,와이파이 공유기 사용 여부,와이파이 사용,와이파이 사용
InternetProductName,0.0676611494820099,기가라이트,164,인터넷 상품명,기가인터넷 사용,기가인터넷 이용
WifiSubscriptionYesNo,0.0010985091142356,Y,164,와이파이 공유기 사용 여부,와이파이 사용,와이파이 사용
MaxServiceAfscrbPassoverPeriod,1.122478840906406,154,165,서비스 가입 후 경과 기간(월),장기고객,SK 브로드밴드 장기 이용 고객
ReAgreementYesNo,0.9377100998762762,Y,165,재약정 여부,재약정함,재약정 이력이 있음
TotalOctetTransmitted_GB,0.1149858272774145,60.040454398,165,와이파이 사용 데이터 송신량,데이터 사용량 많음,인터넷 사용량이 많은 편이라 IPTV 이용에 적합합니다.
ReAgreementYesNo,0.6093154664488974,Y,166,재약정 여부,재약정함,재약정 이력이 있음
TotalOctetTransmitted_GB,0.1235497828153893,47.226752099,166,와이파이 사용 데이터 송신량,데이터 사용량 많음,인터넷 사용량이 많은 편이라 IPTV 이용에 적합합니다.
WifiSubscriptionYesNo,0.0003515229187905,Y,166,와이파이 공유기 사용 여부,와이파이 사용,와이파이 사용
TotalOctetTransmitted_GB,0.1317480316828005,2.897125649,167,와이파이 사용 데이터 송신량,데이터 사용량 많음,인터넷 사용량이 많은 편이라 IPTV 이용에 적합합니다.
InternetProductName,0.0847497957840096,기가라이트,167,인터넷 상품명,기가인터넷 사용,기가인터넷 이용
WifiSubscriptionYesNo,0.0003075825516134,Y,167,와이파이 공유기 사용 여부,와이파이 사용,와이파이 사용
TotalOctetReceived_GB,0.1427503454778343,150.0,168,와이파이 사용 데이터 수신량,데이터 사용량 많음,인터넷 사용량이 많은 편이라 IPTV 이용에 적합합니다.
WifiSubscriptionYesNo,0.0003515229187905,Y,168,와이파이 공유기 사용 여부,와이파이 사용,와이파이 사용
ReAgreementYesNo,0.6378948934178333,Y,169,재약정 여부,재약정함,재약정 이력이 있음
TotalOctetTransmitted_GB,0.2239583593868883,58.201739004,169,와이파이 사용 데이터 송신량,데이터 사용량 많음,인터넷 사용량이 많은 편이라 IPTV 이용에 적합합니다.
InternetProductName,0.1023206235503312,기가라이트,169,인터넷 상품명,기가인터넷 사용,기가인터넷 이용
MonthlyDeviceNumber,0.0079322142607998,8,170,와이파이 접속 기기 수,데이터 사용량 많음,인터넷 사용량이 많은 편이라 IPTV 이용에 적합합니다.
WifiSubscriptionYesNo,0.0003515229187905,Y,170,와이파이 공유기 사용 여부,와이파이 사용,와이파이 사용
MaxServiceAfscrbPassoverPeriod,0.6702088096714579,191,171,서비스 가입 후 경과 기간(월),장기고객,SK 브로드밴드 장기 이용 고객
TotalOctetReceived_GB,0.2671981739322654,304.0,171,와이파이 사용 데이터 수신량,데이터 사용량 많음,인터넷 사용량이 많은 편이라 IPTV 이용에 적합합니다.
InternetProductName,0.0725389909336809,기가라이트,171,인터넷 상품명,기가인터넷 사용,기가인터넷 이용
InternetProductName,0.0128464506554882,기가라이트,172,인터넷 상품명,기가인터넷 사용,기가인터넷 이용
InternetProductName,0.0638649878581054,기가라이트,173,인터넷 상품명,기가인터넷 사용,기가인터넷 이용
MaxServiceAfscrbPassoverPeriod,0.0059297422564122,100,173,서비스 가입 후 경과 기간(월),장기고객,SK 브로드밴드 장기 이용 고객
WifiSubscriptionYesNo,0.0003075825516134,Y,173,와이파이 공유기 사용 여부,와이파이 사용,와이파이 사용
InternetProductName,0.089801488466328,기가라이트,174,인터넷 상품명,기가인터넷 사용,기가인터넷 이용
WifiSubscriptionYesNo,0.0010985091142356,Y,174,와이파이 공유기 사용 여부,와이파이 사용,와이파이 사용
MaxServiceAfscrbPassoverPeriod,1.3107607119326712,142,175,서비스 가입 후 경과 기간(월),장기고객,SK 브로드밴드 장기 이용 고객
ReAgreementYesNo,0.9332465228956426,Y,175,재약정 여부,재약정함,재약정 이력이 있음
InternetProductName,0.0453301102854311,기가라이트,175,인터넷 상품명,기가인터넷 사용,기가인터넷 이용
InternetProductName,0.0959483919257763,기가라이트,176,인터넷 상품명,기가인터넷 사용,기가인터넷 이용
WifiSubscriptionYesNo,0.0010985091142356,Y,176,와이파이 공유기 사용 여부,와이파이 사용,와이파이 사용
ReAgreementYesNo,0.7151038455945673,Y,177,재약정 여부,재약정함,재약정 이력이 있음
MaxServiceAfscrbPassoverPeriod,0.1877043153817067,295,177,서비스 가입 후 경과 기간(월),장기고객,SK 브로드밴드 장기 이용 고객
InternetProductName,0.0492813723516883,기가라이트,177,인터넷 상품명,기가인터넷 사용,기가인터넷 이용
ReAgreementYesNo,0.6495447949244408,Y,178,재약정 여부,재약정함,재약정 이력이 있음
MaxServiceAfscrbPassoverPeriod,0.5529257941441028,167,178,서비스 가입 후 경과 기간(월),장기고객,SK 브로드밴드 장기 이용 고객
TotalOctetReceived_GB,0.2402646727371029,136.0,178,와이파이 사용 데이터 수신량,데이터 사용량 많음,인터넷 사용량이 많은 편이라 IPTV 이용에 적합합니다.
ReAgreementYesNo,0.6498087222280446,Y,179,재약정 여부,재약정함,재약정 이력이 있음
TotalOctetTransmitted_GB,0.1598489896612591,44.540238295,179,와이파이 사용 데이터 송신량,데이터 사용량 많음,인터넷 사용량이 많은 편이라 IPTV 이용에 적합합니다.
WifiSubscriptionYesNo,0.0003515229187905,Y,179,와이파이 공유기 사용 여부,와이파이 사용,와이파이 사용
ReAgreementYesNo,1.148519797680783,Y,180,재약정 여부,재약정함,재약정 이력이 있음
InternetProductName,0.0644145553349517,기가,181,인터넷 상품명,기가인터넷 사용,기가인터넷 이용
MonthlyDeviceNumber,0.0332732025631412,19,181,와이파이 접속 기기 수,데이터 사용량 많음,인터넷 사용량이 많은 편이라 IPTV 이용에 적합합니다.
WifiSubscriptionYesNo,0.0010985091142356,Y,181,와이파이 공유기 사용 여부,와이파이 사용,와이파이 사용
InternetProductName,0.1371246839535888,기가라이트,182,인터넷 상품명,기가인터넷 사용,기가인터넷 이용
TotalOctetReceived_GB,0.0662156037427485,82.426518827,182,와이파이 사용 데이터 수신량,데이터 사용량 많음,인터넷 사용량이 많은 편이라 IPTV 이용에 적합합니다.
WifiSubscriptionYesNo,0.0010985091142356,Y,182,와이파이 공유기 사용 여부,와이파이 사용,와이파이 사용
MaxServiceAfscrbPassoverPeriod,0.5604074885742739,230,184,서비스 가입 후 경과 기간(월),장기고객,SK 브로드밴드 장기 이용 고객
InternetProductName,0.11046054433682,기가,184,인터넷 상품명,기가인터넷 사용,기가인터넷 이용
MonthlyDeviceNumber,0.0595127814741863,9,184,와이파이 접속 기기 수,데이터 사용량 많음,인터넷 사용량이 많은 편이라 IPTV 이용에 적합합니다.
MaxServiceAfscrbPassoverPeriod,0.6430631606199313,120,186,서비스 가입 후 경과 기간(월),장기고객,SK 브로드밴드 장기 이용 고객
TotalOctetReceived_GB,0.1529435097781243,203.0,186,와이파이 사용 데이터 수신량,데이터 사용량 많음,인터넷 사용량이 많은 편이라 IPTV 이용에 적합합니다.
InternetProductName,0.0789948597981128,기가라이트,186,인터넷 상품명,기가인터넷 사용,기가인터넷 이용
MonthlyDeviceNumber,0.0822772478990373,13,187,와이파이 접속 기기 수,데이터 사용량 많음,인터넷 사용량이 많은 편이라 IPTV 이용에 적합합니다.
InternetProductName,0.0643157220492139,기가,187,인터넷 상품명,기가인터넷 사용,기가인터넷 이용
WifiSubscriptionYesNo,0.0010985091142356,Y,187,와이파이 공유기 사용 여부,와이파이 사용,와이파이 사용
TotalOctetTransmitted_GB,0.2050565994248609,4.164178062,188,와이파이 사용 데이터 송신량,데이터 사용량 많음,인터넷 사용량이 많은 편이라 IPTV 이용에 적합합니다.
InternetProductName,0.0995046767371241,기가라이트,188,인터넷 상품명,기가인터넷 사용,기가인터넷 이용
WifiSubscriptionYesNo,0.0010985091142356,Y,188,와이파이 공유기 사용 여부,와이파이 사용,와이파이 사용
ReAgreementYesNo,0.6724450417415937,Y,189,재약정 여부,재약정함,재약정 이력이 있음
MaxServiceAfscrbPassoverPeriod,0.4126511978369672,256,189,서비스 가입 후 경과 기간(월),장기고객,SK 브로드밴드 장기 이용 고객
InternetProductName,0.0894961866072844,기가라이트,189,인터넷 상품명,기가인터넷 사용,기가인터넷 이용
TotalOctetReceived_GB,0.3020005548751214,114.0,190,와이파이 사용 데이터 수신량,데이터 사용량 많음,인터넷 사용량이 많은 편이라 IPTV 이용에 적합합니다.
WifiSubscriptionYesNo,0.0003515229187905,Y,190,와이파이 공유기 사용 여부,와이파이 사용,와이파이 사용
InternetProductName,0.0092320308682974,기가라이트,191,인터넷 상품명,기가인터넷 사용,기가인터넷 이용
TotalOctetTransmitted_GB,0.1042495010732091,3.762455129,192,와이파이 사용 데이터 송신량,데이터 사용량 많음,인터넷 사용량이 많은 편이라 IPTV 이용에 적합합니다.
InternetProductName,0.0425680144352372,기가,192,인터넷 상품명,기가인터넷 사용,기가인터넷 이용
WifiSubscriptionYesNo,0.0010985091142356,Y,192,와이파이 공유기 사용 여부,와이파이 사용,와이파이 사용
InternetProductName,0.1082513549679424,기가라이트,193,인터넷 상품명,기가인터넷 사용,기가인터넷 이용
MonthlyDeviceNumber,0.0173190943265217,18,193,와이파이 접속 기기 수,데이터 사용량 많음,인터넷 사용량이 많은 편이라 IPTV 이용에 적합합니다.
WifiSubscriptionYesNo,0.0010985091142356,Y,193,와이파이 공유기 사용 여부,와이파이 사용,와이파이 사용
InternetProductName,0.1216581243777182,기가라이트,194,인터넷 상품명,기가인터넷 사용,기가인터넷 이용
MonthlyDeviceNumber,0.1081188209168613,12,194,와이파이 접속 기기 수,데이터 사용량 많음,인터넷 사용량이 많은 편이라 IPTV 이용에 적합합니다.
WifiSubscriptionYesNo,0.0010985091142356,Y,194,와이파이 공유기 사용 여부,와이파이 사용,와이파이 사용
TotalOctetReceived_GB,0.169788970395457,123.0,195,와이파이 사용 데이터 수신량,데이터 사용량 많음,인터넷 사용량이 많은 편이라 IPTV 이용에 적합합니다.
WifiSubscriptionYesNo,0.0003515229187905,Y,195,와이파이 공유기 사용 여부,와이파이 사용,와이파이 사용
InternetProductName,0.0001352329796645,기가라이트,196,인터넷 상품명,기가인터넷 사용,기가인터넷 이용
MaxServiceAfscrbPassoverPeriod,1.3345951448386768,139,198,서비스 가입 후 경과 기간(월),장기고객,SK 브로드밴드 장기 이용 고객
MonthlyDeviceNumber,0.0757293759800086,12,198,와이파이 접속 기기 수,데이터 사용량 많음,인터넷 사용량이 많은 편이라 IPTV 이용에 적합합니다.
InternetProductName,0.0565956279251258,기가라이트,198,인터넷 상품명,기가인터넷 사용,기가인터넷 이용
MonthlyDeviceNumber,0.1326933153625577,10,199,와이파이 접속 기기 수,데이터 사용량 많음,인터넷 사용량이 많은 편이라 IPTV 이용에 적합합니다.
WifiSubscriptionYesNo,0.0003515229187905,Y,199,와이파이 공유기 사용 여부,와이파이 사용,와이파이 사용
TotalOctetReceived_GB,0.2784310754970647,131.0,200,와이파이 사용 데이터 수신량,데이터 사용량 많음,인터넷 사용량이 많은 편이라 IPTV 이용에 적합합니다.
InternetProductName,0.1233395308989565,기가라이트,200,인터넷 상품명,기가인터넷 사용,기가인터넷 이용
WifiSubscriptionYesNo,0.0010985091142356,Y,200,와이파이 공유기 사용 여부,와이파이 사용,와이파이 사용
TotalOctetReceived_GB,0.28343173477042,350.0,201,와이파이 사용 데이터 수신량,데이터 사용량 많음,인터넷 사용량이 많은 편이라 IPTV 이용에 적합합니다.
MaxServiceAfscrbPassoverPeriod,0.1438269335113,57,201,서비스 가입 후 경과 기간(월),장기고객,SK 브로드밴드 장기 이용 고객
InternetProductName,0.1269404875917825,기가라이트,201,인터넷 상품명,기가인터넷 사용,기가인터넷 이용
ReAgreementYesNo,0.6320354784082156,Y,202,재약정 여부,재약정함,재약정 이력이 있음
MaxServiceAfscrbPassoverPeriod,0.4908410394645762,207,202,서비스 가입 후 경과 기간(월),장기고객,SK 브로드밴드 장기 이용 고객
InternetProductName,0.0373624253412708,기가라이트,202,인터넷 상품명,기가인터넷 사용,기가인터넷 이용
WifiSubscriptionYesNo,0.0003515229187905,Y,203,와이파이 공유기 사용 여부,와이파이 사용,와이파이 사용
ReAgreementYesNo,1.0934119302924956,Y,204,재약정 여부,재약정함,재약정 이력이 있음
ReAgreementYesNo,0.4585576988244429,Y,205,재약정 여부,재약정함,재약정 이력이 있음
MonthlyDeviceNumber,0.0303355024142365,14,205,와이파이 접속 기기 수,데이터 사용량 많음,인터넷 사용량이 많은 편이라 IPTV 이용에 적합합니다.
InternetProductName,0.0202143598115071,기가,205,인터넷 상품명,기가인터넷 사용,기가인터넷 이용
InternetProductName,0.1012859154667239,기가라이트,206,인터넷 상품명,기가인터넷 사용,기가인터넷 이용
MonthlyDeviceNumber,0.0278284670668654,9,206,와이파이 접속 기기 수,데이터 사용량 많음,인터넷 사용량이 많은 편이라 IPTV 이용에 적합합니다.
WifiSubscriptionYesNo,0.0010985091142356,Y,206,와이파이 공유기 사용 여부,와이파이 사용,와이파이 사용
MaxServiceAfscrbPassoverPeriod,1.0151630405080505,147,207,서비스 가입 후 경과 기간(월),장기고객,SK 브로드밴드 장기 이용 고객
TotalOctetTransmitted_GB,0.1201099012023769,4.227683821,207,와이파이 사용 데이터 송신량,데이터 사용량 많음,인터넷 사용량이 많은 편이라 IPTV 이용에 적합합니다.
InternetProductName,0.0782351453253068,기가,207,인터넷 상품명,기가인터넷 사용,기가인터넷 이용
WingsCount,0.5273154931003228,1,208,와이파이 확장기 수,윙즈(와이파이 확장기) 사용,SK 브로드밴드의 부가서비스를 이용
WifiSubscriptionYesNo,0.0003515229187905,Y,208,와이파이 공유기 사용 여부,와이파이 사용,와이파이 사용
ReAgreementYesNo,0.6731030929757981,Y,209,재약정 여부,재약정함,재약정 이력이 있음
InternetProductName,0.1392438378545921,기가라이트,209,인터넷 상품명,기가인터넷 사용,기가인터넷 이용
TotalOctetReceived_GB,0.1218093463347759,90.561616521,209,와이파이 사용 데이터 수신량,데이터 사용량 많음,인터넷 사용량이 많은 편이라 IPTV 이용에 적합합니다.
TotalOctetTransmitted_GB,0.1035894299228675,74.40822573,210,와이파이 사용 데이터 송신량,데이터 사용량 많음,인터넷 사용량이 많은 편이라 IPTV 이용에 적합합니다.
MaxServiceAfscrbPassoverPeriod,0.0822423366783186,93,210,서비스 가입 후 경과 기간(월),장기고객,SK 브로드밴드 장기 이용 고객
InternetProductName,0.0436151744355447,기가라이트,210,인터넷 상품명,기가인터넷 사용,기가인터넷 이용
ReAgreementYesNo,0.4676215066618169,Y,211,재약정 여부,재약정함,재약정 이력이 있음
MaxServiceAfscrbPassoverPeriod,0.4211955754237715,193,211,서비스 가입 후 경과 기간(월),장기고객,SK 브로드밴드 장기 이용 고객
InternetProductName,0.0431617838190868,기가,211,인터넷 상품명,기가인터넷 사용,기가인터넷 이용
TotalOctetReceived_GB,0.3759281650721096,117.0,212,와이파이 사용 데이터 수신량,데이터 사용량 많음,인터넷 사용량이 많은 편이라 IPTV 이용에 적합합니다.
InternetProductName,0.1522773626085836,기가라이트,212,인터넷 상품명,기가인터넷 사용,기가인터넷 이용
WifiSubscriptionYesNo,0.0010985091142356,Y,212,와이파이 공유기 사용 여부,와이파이 사용,와이파이 사용
InternetProductName,0.1037567687628325,기가라이트,213,인터넷 상품명,기가인터넷 사용,기가인터넷 이용
WifiSubscriptionYesNo,0.0010985091142356,Y,213,와이파이 공유기 사용 여부,와이파이 사용,와이파이 사용
MonthlyDeviceNumber,0.0782963283352728,12,214,와이파이 접속 기기 수,데이터 사용량 많음,인터넷 사용량이 많은 편이라 IPTV 이용에 적합합니다.
MaxServiceAfscrbPassoverPeriod,0.0350601476395968,114,214,서비스 가입 후 경과 기간(월),장기고객,SK 브로드밴드 장기 이용 고객
WifiSubscriptionYesNo,0.0001757614687085,Y,214,와이파이 공유기 사용 여부,와이파이 사용,와이파이 사용
MonthlyDeviceNumber,0.1266910655808169,12,215,와이파이 접속 기기 수,데이터 사용량 많음,인터넷 사용량이 많은 편이라 IPTV 이용에 적합합니다.
InternetProductName,0.0942328671098221,기가라이트,215,인터넷 상품명,기가인터넷 사용,기가인터넷 이용
WifiSubscriptionYesNo,0.0010985091142356,Y,215,와이파이 공유기 사용 여부,와이파이 사용,와이파이 사용
TotalOctetTransmitted_GB,0.1214834636868909,93.598279061,216,와이파이 사용 데이터 송신량,데이터 사용량 많음,인터넷 사용량이 많은 편이라 IPTV 이용에 적합합니다.
InternetProductName,0.0914140296494588,기가라이트,216,인터넷 상품명,기가인터넷 사용,기가인터넷 이용
WifiSubscriptionYesNo,0.0010985091142356,Y,216,와이파이 공유기 사용 여부,와이파이 사용,와이파이 사용
ReAgreementYesNo,0.727415580804809,Y,217,재약정 여부,재약정함,재약정 이력이 있음
MaxServiceAfscrbPassoverPeriod,0.4324017297080718,198,217,서비스 가입 후 경과 기간(월),장기고객,SK 브로드밴드 장기 이용 고객
InternetProductName,0.0740622824523598,기가,217,인터넷 상품명,기가인터넷 사용,기가인터넷 이용
MonthlyDeviceNumber,0.0399650677188765,7,218,와이파이 접속 기기 수,데이터 사용량 많음,인터넷 사용량이 많은 편이라 IPTV 이용에 적합합니다.
WifiSubscriptionYesNo,0.0003515229187905,Y,218,와이파이 공유기 사용 여부,와이파이 사용,와이파이 사용
TotalOctetTransmitted_GB,0.2077159996994305,72.748996065,219,와이파이 사용 데이터 송신량,데이터 사용량 많음,인터넷 사용량이 많은 편이라 IPTV 이용에 적합합니다.
InternetProductName,0.080823310134001,기가라이트,219,인터넷 상품명,기가인터넷 사용,기가인터넷 이용
WifiSubscriptionYesNo,0.0010985091142356,Y,219,와이파이 공유기 사용 여부,와이파이 사용,와이파이 사용
TotalOctetTransmitted_GB,0.0269328761129872,2.694621322,220,와이파이 사용 데이터 송신량,데이터 사용량 많음,인터넷 사용량이 많은 편이라 IPTV 이용에 적합합니다.
WifiSubscriptionYesNo,0.0003515229187905,Y,220,와이파이 공유기 사용 여부,와이파이 사용,와이파이 사용
WingsCount,0.3752301692066248,1,221,와이파이 확장기 수,윙즈(와이파이 확장기) 사용,SK 브로드밴드의 부가서비스를 이용
InternetProductName,0.1085639357124455,기가라이트,221,인터넷 상품명,기가인터넷 사용,기가인터넷 이용
WifiSubscriptionYesNo,0.0010985091142356,Y,221,와이파이 공유기 사용 여부,와이파이 사용,와이파이 사용
MaxServiceAfscrbPassoverPeriod,0.7747680785853299,119,222,서비스 가입 후 경과 기간(월),장기고객,SK 브로드밴드 장기 이용 고객
MonthlyDeviceNumber,0.0334521979764394,7,222,와이파이 접속 기기 수,데이터 사용량 많음,인터넷 사용량이 많은 편이라 IPTV 이용에 적합합니다.
WifiSubscriptionYesNo,0.0001757614687085,Y,222,와이파이 공유기 사용 여부,와이파이 사용,와이파이 사용
ReAgreementYesNo,0.7172406477987533,Y,223,재약정 여부,재약정함,재약정 이력이 있음
MaxServiceAfscrbPassoverPeriod,0.3674472393502947,297,223,서비스 가입 후 경과 기간(월),장기고객,SK 브로드밴드 장기 이용 고객
InternetProductName,0.0585998339549405,기가라이트,223,인터넷 상품명,기가인터넷 사용,기가인터넷 이용
InternetProductName,0.0701635648554656,기가라이트,224,인터넷 상품명,기가인터넷 사용,기가인터넷 이용
TotalOctetTransmitted_GB,0.0447884287522174,1.416667074,224,와이파이 사용 데이터 송신량,데이터 사용량 많음,인터넷 사용량이 많은 편이라 IPTV 이용에 적합합니다.
MaxServiceAfscrbPassoverPeriod,0.0154319905204465,79,224,서비스 가입 후 경과 기간(월),장기고객,SK 브로드밴드 장기 이용 고객
InternetProductName,0.0468156672679469,기가라이트,225,인터넷 상품명,기가인터넷 사용,기가인터넷 이용
WifiSubscriptionYesNo,0.0010985091142356,Y,225,와이파이 공유기 사용 여부,와이파이 사용,와이파이 사용
ReAgreementYesNo,0.9971391095395664,Y,226,재약정 여부,재약정함,재약정 이력이 있음
InternetProductName,0.0471688851260114,기가라이트,226,인터넷 상품명,기가인터넷 사용,기가인터넷 이용
TotalOctetTransmitted_GB,0.0195862672617658,12.074370952,226,와이파이 사용 데이터 송신량,데이터 사용량 많음,인터넷 사용량이 많은 편이라 IPTV 이용에 적합합니다.
TotalOctetReceived_GB,0.2939613739209016,144.0,227,와이파이 사용 데이터 수신량,데이터 사용량 많음,인터넷 사용량이 많은 편이라 IPTV 이용에 적합합니다.
InternetProductName,0.1638577543012797,기가라이트,227,인터넷 상품명,기가인터넷 사용,기가인터넷 이용
WifiSubscriptionYesNo,0.0035755317099392,Y,227,와이파이 공유기 사용 여부,와이파이 사용,와이파이 사용
TotalOctetTransmitted_GB,0.130326709789806,1.378307142,228,와이파이 사용 데이터 송신량,데이터 사용량 많음,인터넷 사용량이 많은 편이라 IPTV 이용에 적합합니다.
InternetProductName,0.048972815410234,기가,228,인터넷 상품명,기가인터넷 사용,기가인터넷 이용
WifiSubscriptionYesNo,0.0010985091142356,Y,228,와이파이 공유기 사용 여부,와이파이 사용,와이파이 사용
ReAgreementYesNo,0.7063070426968625,Y,229,재약정 여부,재약정함,재약정 이력이 있음
MaxServiceAfscrbPassoverPeriod,0.2970319170918082,194,229,서비스 가입 후 경과 기간(월),장기고객,SK 브로드밴드 장기 이용 고객
MonthlyDeviceNumber,0.1042373557113751,10,229,와이파이 접속 기기 수,데이터 사용량 많음,인터넷 사용량이 많은 편이라 IPTV 이용에 적합합니다.
WifiSubscriptionYesNo,0.0019479508511722,Y,230,와이파이 공유기 사용 여부,와이파이 사용,와이파이 사용
InternetProductName,0.0950722671684343,기가라이트,231,인터넷 상품명,기가인터넷 사용,기가인터넷 이용
WifiSubscriptionYesNo,0.0010985091142356,Y,231,와이파이 공유기 사용 여부,와이파이 사용,와이파이 사용
TotalOctetTransmitted_GB,0.1605783345532836,2.455782238,232,와이파이 사용 데이터 송신량,데이터 사용량 많음,인터넷 사용량이 많은 편이라 IPTV 이용에 적합합니다.
InternetProductName,0.0963605291000567,기가라이트,232,인터넷 상품명,기가인터넷 사용,기가인터넷 이용
WifiSubscriptionYesNo,0.0010985091142356,Y,232,와이파이 공유기 사용 여부,와이파이 사용,와이파이 사용
ReAgreementYesNo,0.710176377397147,Y,233,재약정 여부,재약정함,재약정 이력이 있음
MaxServiceAfscrbPassoverPeriod,0.5521684125298634,179,233,서비스 가입 후 경과 기간(월),장기고객,SK 브로드밴드 장기 이용 고객
InternetProductName,0.0331845041899941,기가라이트,233,인터넷 상품명,기가인터넷 사용,기가인터넷 이용
TotalOctetTransmitted_GB,0.1451014305069111,4.22299924,234,와이파이 사용 데이터 송신량,데이터 사용량 많음,인터넷 사용량이 많은 편이라 IPTV 이용에 적합합니다.
InternetProductName,0.0779463754349853,기가라이트,234,인터넷 상품명,기가인터넷 사용,기가인터넷 이용
WifiSubscriptionYesNo,0.0010985091142356,Y,234,와이파이 공유기 사용 여부,와이파이 사용,와이파이 사용
TotalOctetReceived_GB,0.3234800765864202,151.0,235,와이파이 사용 데이터 수신량,데이터 사용량 많음,인터넷 사용량이 많은 편이라 IPTV 이용에 적합합니다.
InternetProductName,0.1106248172034975,기가라이트,235,인터넷 상품명,기가인터넷 사용,기가인터넷 이용
WifiSubscriptionYesNo,0.0010985091142356,Y,235,와이파이 공유기 사용 여부,와이파이 사용,와이파이 사용
MaxServiceAfscrbPassoverPeriod,1.327227722918615,150,236,서비스 가입 후 경과 기간(월),장기고객,SK 브로드밴드 장기 이용 고객
InternetProductName,0.0562281045294366,기가라이트,236,인터넷 상품명,기가인터넷 사용,기가인터넷 이용
TotalOctetReceived_GB,0.0218760653235949,16.967525012,236,와이파이 사용 데이터 수신량,데이터 사용량 많음,인터넷 사용량이 많은 편이라 IPTV 이용에 적합합니다.
MaxServiceAfscrbPassoverPeriod,1.7424753676960243,136,237,서비스 가입 후 경과 기간(월),장기고객,SK 브로드밴드 장기 이용 고객
ReAgreementYesNo,1.1546602852735668,Y,237,재약정 여부,재약정함,재약정 이력이 있음
InternetProductName,0.060653147684643,기가라이트,237,인터넷 상품명,기가인터넷 사용,기가인터넷 이용
InternetProductName,0.0965170588670298,기가라이트,238,인터넷 상품명,기가인터넷 사용,기가인터넷 이용
TotalOctetTransmitted_GB,0.0521012168654124,4.192547541,238,와이파이 사용 데이터 송신량,데이터 사용량 많음,인터넷 사용량이 많은 편이라 IPTV 이용에 적합합니다.
WifiSubscriptionYesNo,0.0010985091142356,Y,238,와이파이 공유기 사용 여부,와이파이 사용,와이파이 사용
InternetProductName,0.0003892726590856,기가,239,인터넷 상품명,기가인터넷 사용,기가인터넷 이용
InternetProductName,0.0633267214300576,기가라이트,240,인터넷 상품명,기가인터넷 사용,기가인터넷 이용
WifiSubscriptionYesNo,0.0010985091142356,Y,240,와이파이 공유기 사용 여부,와이파이 사용,와이파이 사용
MonthlyDeviceNumber,0.1192544266566983,16,241,와이파이 접속 기기 수,데이터 사용량 많음,인터넷 사용량이 많은 편이라 IPTV 이용에 적합합니다.
InternetProductName,0.0899539190798532,기가라이트,241,인터넷 상품명,기가인터넷 사용,기가인터넷 이용
WifiSubscriptionYesNo,0.0010985091142356,Y,241,와이파이 공유기 사용 여부,와이파이 사용,와이파이 사용
WingsCount,0.7070914879604243,1,242,와이파이 확장기 수,윙즈(와이파이 확장기) 사용,SK 브로드밴드의 부가서비스를 이용
TotalOctetReceived_GB,0.2572599795955466,203.0,242,와이파이 사용 데이터 수신량,데이터 사용량 많음,인터넷 사용량이 많은 편이라 IPTV 이용에 적합합니다.
InternetProductName,0.0935962456284323,기가,242,인터넷 상품명,기가인터넷 사용,기가인터넷 이용
TotalOctetTransmitted_GB,0.1255624624551274,2.43687447,243,와이파이 사용 데이터 송신량,데이터 사용량 많음,인터넷 사용량이 많은 편이라 IPTV 이용에 적합합니다.
InternetProductName,0.0695497664494905,기가라이트,243,인터넷 상품명,기가인터넷 사용,기가인터넷 이용
WifiSubscriptionYesNo,0.0003075825516134,Y,243,와이파이 공유기 사용 여부,와이파이 사용,와이파이 사용
InternetProductName,0.0270112159114796,기가라이트,244,인터넷 상품명,기가인터넷 사용,기가인터넷 이용
WifiSubscriptionYesNo,0.0010985091142356,Y,244,와이파이 공유기 사용 여부,와이파이 사용,와이파이 사용
MonthlyDeviceNumber,0.0112561549030942,14,245,와이파이 접속 기기 수,데이터 사용량 많음,인터넷 사용량이 많은 편이라 IPTV 이용에 적합합니다.
WifiSubscriptionYesNo,0.0003515229187905,Y,245,와이파이 공유기 사용 여부,와이파이 사용,와이파이 사용
InternetProductName,0.0723562756704632,기가라이트,246,인터넷 상품명,기가인터넷 사용,기가인터넷 이용
TotalOctetReceived_GB,0.0258067408803617,12.756589586,246,와이파이 사용 데이터 수신량,데이터 사용량 많음,인터넷 사용량이 많은 편이라 IPTV 이용에 적합합니다.
WifiSubscriptionYesNo,0.0010985091142356,Y,246,와이파이 공유기 사용 여부,와이파이 사용,와이파이 사용
WifiSubscriptionYesNo,0.0003515229187905,Y,247,와이파이 공유기 사용 여부,와이파이 사용,와이파이 사용
WifiSubscriptionYesNo,0.0003515229187905,Y,248,와이파이 공유기 사용 여부,와이파이 사용,와이파이 사용
InternetProductName,0.1078297661838587,기가라이트,249,인터넷 상품명,기가인터넷 사용,기가인터넷 이용
MonthlyDeviceNumber,0.0212927417096216,8,249,와이파이 접속 기기 수,데이터 사용량 많음,인터넷 사용량이 많은 편이라 IPTV 이용에 적합합니다.
WifiSubscriptionYesNo,0.0010985091142356,Y,249,와이파이 공유기 사용 여부,와이파이 사용,와이파이 사용
InternetProductName,0.0794998341577593,기가라이트,250,인터넷 상품명,기가인터넷 사용,기가인터넷 이용
MonthlyDeviceNumber,0.0447322463248565,7,250,와이파이 접속 기기 수,데이터 사용량 많음,인터넷 사용량이 많은 편이라 IPTV 이용에 적합합니다.
WifiSubscriptionYesNo,0.0003075825516134,Y,250,와이파이 공유기 사용 여부,와이파이 사용,와이파이 사용
TotalOctetReceived_GB,0.2951526800676947,166.0,251,와이파이 사용 데이터 수신량,데이터 사용량 많음,인터넷 사용량이 많은 편이라 IPTV 이용에 적합합니다.
InternetProductName,0.1471722517732996,기가라이트,251,인터넷 상품명,기가인터넷 사용,기가인터넷 이용
WifiSubscriptionYesNo,0.0010985091142356,Y,251,와이파이 공유기 사용 여부,와이파이 사용,와이파이 사용
MaxServiceAfscrbPassoverPeriod,1.2419761938625016,131,252,서비스 가입 후 경과 기간(월),장기고객,SK 브로드밴드 장기 이용 고객
TotalOctetTransmitted_GB,0.1044294434599578,2.117942668,252,와이파이 사용 데이터 송신량,데이터 사용량 많음,인터넷 사용량이 많은 편이라 IPTV 이용에 적합합니다.
InternetProductName,0.0579582448862493,기가라이트,252,인터넷 상품명,기가인터넷 사용,기가인터넷 이용
MaxServiceAfscrbPassoverPeriod,1.3701649792457464,145,253,서비스 가입 후 경과 기간(월),장기고객,SK 브로드밴드 장기 이용 고객
ReAgreementYesNo,1.003607059844071,Y,253,재약정 여부,재약정함,재약정 이력이 있음
TotalOctetTransmitted_GB,0.0478506341332104,79.135320405,253,와이파이 사용 데이터 송신량,데이터 사용량 많음,인터넷 사용량이 많은 편이라 IPTV 이용에 적합합니다.
InternetProductName,0.1194338734715711,기가라이트,254,인터넷 상품명,기가인터넷 사용,기가인터넷 이용
WifiSubscriptionYesNo,0.0010985091142356,Y,254,와이파이 공유기 사용 여부,와이파이 사용,와이파이 사용
InternetProductName,0.0856528535718098,기가라이트,255,인터넷 상품명,기가인터넷 사용,기가인터넷 이용
WifiSubscriptionYesNo,0.0010985091142356,Y,255,와이파이 공유기 사용 여부,와이파이 사용,와이파이 사용
MaxServiceAfscrbPassoverPeriod,1.306028332246351,127,256,서비스 가입 후 경과 기간(월),장기고객,SK 브로드밴드 장기 이용 고객
InternetProductName,0.0479937994468491,기가라이트,256,인터넷 상품명,기가인터넷 사용,기가인터넷 이용
WifiSubscriptionYesNo,0.0003075825516134,Y,256,와이파이 공유기 사용 여부,와이파이 사용,와이파이 사용
TotalOctetTransmitted_GB,0.1813585364780738,3.94286976,257,와이파이 사용 데이터 송신량,데이터 사용량 많음,인터넷 사용량이 많은 편이라 IPTV 이용에 적합합니다.
InternetProductName,0.0675747675960883,기가,257,인터넷 상품명,기가인터넷 사용,기가인터넷 이용
WifiSubscriptionYesNo,0.0010985091142356,Y,257,와이파이 공유기 사용 여부,와이파이 사용,와이파이 사용
MonthlyDeviceNumber,0.0664122443308588,12,258,와이파이 접속 기기 수,데이터 사용량 많음,인터넷 사용량이 많은 편이라 IPTV 이용에 적합합니다.
WifiSubscriptionYesNo,0.0003515229187905,Y,258,와이파이 공유기 사용 여부,와이파이 사용,와이파이 사용
TotalOctetTransmitted_GB,0.183910124375252,2.482138123,259,와이파이 사용 데이터 송신량,데이터 사용량 많음,인터넷 사용량이 많은 편이라 IPTV 이용에 적합합니다.
WifiSubscriptionYesNo,0.0003515229187905,Y,259,와이파이 공유기 사용 여부,와이파이 사용,와이파이 사용
MonthlyDeviceNumber,0.1427108900337771,10,260,와이파이 접속 기기 수,데이터 사용량 많음,인터넷 사용량이 많은 편이라 IPTV 이용에 적합합니다.
InternetProductName,0.0810129716363735,기가라이트,260,인터넷 상품명,기가인터넷 사용,기가인터넷 이용
WifiSubscriptionYesNo,0.0010985091142356,Y,260,와이파이 공유기 사용 여부,와이파이 사용,와이파이 사용
WingsCount,0.7919951363606379,1,261,와이파이 확장기 수,윙즈(와이파이 확장기) 사용,SK 브로드밴드의 부가서비스를 이용
MonthlyDeviceNumber,0.1414419147453736,11,261,와이파이 접속 기기 수,데이터 사용량 많음,인터넷 사용량이 많은 편이라 IPTV 이용에 적합합니다.
InternetProductName,0.054782210108242,기가,261,인터넷 상품명,기가인터넷 사용,기가인터넷 이용
MonthlyDeviceNumber,0.1126188483924488,10,262,와이파이 접속 기기 수,데이터 사용량 많음,인터넷 사용량이 많은 편이라 IPTV 이용에 적합합니다.
WifiSubscriptionYesNo,0.0003515229187905,Y,262,와이파이 공유기 사용 여부,와이파이 사용,와이파이 사용
InternetProductName,0.0183624167798552,기가라이트,263,인터넷 상품명,기가인터넷 사용,기가인터넷 이용
WifiSubscriptionYesNo,0.0010985091142356,Y,263,와이파이 공유기 사용 여부,와이파이 사용,와이파이 사용
MaxServiceAfscrbPassoverPeriod,1.3698361254739575,126,264,서비스 가입 후 경과 기간(월),장기고객,SK 브로드밴드 장기 이용 고객
TotalOctetReceived_GB,0.1096254286420298,195.0,264,와이파이 사용 데이터 수신량,데이터 사용량 많음,인터넷 사용량이 많은 편이라 IPTV 이용에 적합합니다.
WifiSubscriptionYesNo,0.0001757614687085,Y,264,와이파이 공유기 사용 여부,와이파이 사용,와이파이 사용
TotalOctetReceived_GB,0.3584179763915017,120.0,265,와이파이 사용 데이터 수신량,데이터 사용량 많음,인터넷 사용량이 많은 편이라 IPTV 이용에 적합합니다.
InternetProductName,0.1400022935925517,기가라이트,265,인터넷 상품명,기가인터넷 사용,기가인터넷 이용
WifiSubscriptionYesNo,0.0010985091142356,Y,265,와이파이 공유기 사용 여부,와이파이 사용,와이파이 사용
TotalOctetReceived_GB,0.155399600630044,110.0,266,와이파이 사용 데이터 수신량,데이터 사용량 많음,인터넷 사용량이 많은 편이라 IPTV 이용에 적합합니다.
MaxServiceAfscrbPassoverPeriod,0.0299159496551146,68,266,서비스 가입 후 경과 기간(월),장기고객,SK 브로드밴드 장기 이용 고객
WifiSubscriptionYesNo,0.0003515229187905,Y,266,와이파이 공유기 사용 여부,와이파이 사용,와이파이 사용
InternetProductName,0.059364479050273,기가라이트,267,인터넷 상품명,기가인터넷 사용,기가인터넷 이용
WifiSubscriptionYesNo,0.0010985091142356,Y,267,와이파이 공유기 사용 여부,와이파이 사용,와이파이 사용
InternetProductName,0.1175375584268476,기가라이트,268,인터넷 상품명,기가인터넷 사용,기가인터넷 이용
TotalOctetTransmitted_GB,0.0819606225550523,4.523790815,268,와이파이 사용 데이터 송신량,데이터 사용량 많음,인터넷 사용량이 많은 편이라 IPTV 이용에 적합합니다.
WifiSubscriptionYesNo,0.0010985091142356,Y,268,와이파이 공유기 사용 여부,와이파이 사용,와이파이 사용
InternetProductName,0.1179834265739191,기가라이트,269,인터넷 상품명,기가인터넷 사용,기가인터넷 이용
WifiSubscriptionYesNo,0.0010985091142356,Y,269,와이파이 공유기 사용 여부,와이파이 사용,와이파이 사용
WingsCount,0.6162669490789995,1,270,와이파이 확장기 수,윙즈(와이파이 확장기) 사용,SK 브로드밴드의 부가서비스를 이용
InternetProductName,0.0877412046637619,기가,270,인터넷 상품명,기가인터넷 사용,기가인터넷 이용
TotalOctetReceived_GB,0.0554401625157333,23.146975937,270,와이파이 사용 데이터 수신량,데이터 사용량 많음,인터넷 사용량이 많은 편이라 IPTV 이용에 적합합니다.
ReAgreementYesNo,0.742998943591374,Y,271,재약정 여부,재약정함,재약정 이력이 있음
MaxServiceAfscrbPassoverPeriod,0.5234870434843469,184,271,서비스 가입 후 경과 기간(월),장기고객,SK 브로드밴드 장기 이용 고객
TotalOctetTransmitted_GB,0.1263639518886339,44.013558823,271,와이파이 사용 데이터 송신량,데이터 사용량 많음,인터넷 사용량이 많은 편이라 IPTV 이용에 적합합니다.
TotalOctetTransmitted_GB,0.1244367544131819,3.151186102,273,와이파이 사용 데이터 송신량,데이터 사용량 많음,인터넷 사용량이 많은 편이라 IPTV 이용에 적합합니다.
WifiSubscriptionYesNo,0.0003515229187905,Y,273,와이파이 공유기 사용 여부,와이파이 사용,와이파이 사용
InternetProductName,0.0932280085200909,기가라이트,274,인터넷 상품명,기가인터넷 사용,기가인터넷 이용
WifiSubscriptionYesNo,0.0010985091142356,Y,274,와이파이 공유기 사용 여부,와이파이 사용,와이파이 사용
InternetProductName,0.1091971232986543,기가라이트,275,인터넷 상품명,기가인터넷 사용,기가인터넷 이용
WifiSubscriptionYesNo,0.0010985091142356,Y,275,와이파이 공유기 사용 여부,와이파이 사용,와이파이 사용
InternetProductName,0.1090785714809317,기가라이트,276,인터넷 상품명,기가인터넷 사용,기가인터넷 이용
WifiSubscriptionYesNo,0.0010985091142356,Y,276,와이파이 공유기 사용 여부,와이파이 사용,와이파이 사용
TotalOctetTransmitted_GB,0.141472858612833,3.294337704,277,와이파이 사용 데이터 송신량,데이터 사용량 많음,인터넷 사용량이 많은 편이라 IPTV 이용에 적합합니다.
InternetProductName,0.086536562743131,기가라이트,277,인터넷 상품명,기가인터넷 사용,기가인터넷 이용
WifiSubscriptionYesNo,0.0010985091142356,Y,277,와이파이 공유기 사용 여부,와이파이 사용,와이파이 사용
WingsCount,0.528484244266292,1,278,와이파이 확장기 수,윙즈(와이파이 확장기) 사용,SK 브로드밴드의 부가서비스를 이용
InternetProductName,0.1116794646461494,기가라이트,278,인터넷 상품명,기가인터넷 사용,기가인터넷 이용
MonthlyDeviceNumber,0.082886352755595,14,278,와이파이 접속 기기 수,데이터 사용량 많음,인터넷 사용량이 많은 편이라 IPTV 이용에 적합합니다.
InternetProductName,0.101024467368843,기가라이트,280,인터넷 상품명,기가인터넷 사용,기가인터넷 이용
MonthlyDeviceNumber,0.0821864319450105,13,280,와이파이 접속 기기 수,데이터 사용량 많음,인터넷 사용량이 많은 편이라 IPTV 이용에 적합합니다.
WifiSubscriptionYesNo,0.0010985091142356,Y,280,와이파이 공유기 사용 여부,와이파이 사용,와이파이 사용
ReAgreementYesNo,0.798558971855091,Y,281,재약정 여부,재약정함,재약정 이력이 있음
WingsCount,0.6940001046925317,1,281,와이파이 확장기 수,윙즈(와이파이 확장기) 사용,SK 브로드밴드의 부가서비스를 이용
MaxServiceAfscrbPassoverPeriod,0.6815121059457305,119,281,서비스 가입 후 경과 기간(월),장기고객,SK 브로드밴드 장기 이용 고객
MaxServiceAfscrbPassoverPeriod,0.7123222005506977,166,282,서비스 가입 후 경과 기간(월),장기고객,SK 브로드밴드 장기 이용 고객
TotalOctetReceived_GB,0.2260116864205338,248.0,282,와이파이 사용 데이터 수신량,데이터 사용량 많음,인터넷 사용량이 많은 편이라 IPTV 이용에 적합합니다.
InternetProductName,0.0687762339587789,기가라이트,282,인터넷 상품명,기가인터넷 사용,기가인터넷 이용
InternetProductName,0.0547683726079412,기가라이트,283,인터넷 상품명,기가인터넷 사용,기가인터넷 이용
WifiSubscriptionYesNo,0.0010985091142356,Y,283,와이파이 공유기 사용 여부,와이파이 사용,와이파이 사용
WingsCount,0.4484094553836621,1,284,와이파이 확장기 수,윙즈(와이파이 확장기) 사용,SK 브로드밴드의 부가서비스를 이용
InternetProductName,0.0996176455216482,기가라이트,284,인터넷 상품명,기가인터넷 사용,기가인터넷 이용
TotalOctetReceived_GB,0.0071599990839604,95.643877544,284,와이파이 사용 데이터 수신량,데이터 사용량 많음,인터넷 사용량이 많은 편이라 IPTV 이용에 적합합니다.
ReAgreementYesNo,1.1827965638187017,Y,285,재약정 여부,재약정함,재약정 이력이 있음
InternetProductName,0.0236495313048362,기가,285,인터넷 상품명,기가인터넷 사용,기가인터넷 이용
InternetProductName,0.0616869871737435,기가,286,인터넷 상품명,기가인터넷 사용,기가인터넷 이용
TotalOctetTransmitted_GB,0.0120594125668867,12.992339229,286,와이파이 사용 데이터 송신량,데이터 사용량 많음,인터넷 사용량이 많은 편이라 IPTV 이용에 적합합니다.
WifiSubscriptionYesNo,0.0010985091142356,Y,286,와이파이 공유기 사용 여부,와이파이 사용,와이파이 사용
ReAgreementYesNo,0.5808581776099163,Y,287,재약정 여부,재약정함,재약정 이력이 있음
TotalOctetReceived_GB,0.1860943265876267,262.0,287,와이파이 사용 데이터 수신량,데이터 사용량 많음,인터넷 사용량이 많은 편이라 IPTV 이용에 적합합니다.
InternetProductName,0.1110457504249643,기가라이트,287,인터넷 상품명,기가인터넷 사용,기가인터넷 이용
TotalOctetTransmitted_GB,0.1290300419629784,2.15363749,288,와이파이 사용 데이터 송신량,데이터 사용량 많음,인터넷 사용량이 많은 편이라 IPTV 이용에 적합합니다.
InternetProductName,0.1081622985925059,기가라이트,288,인터넷 상품명,기가인터넷 사용,기가인터넷 이용
WifiSubscriptionYesNo,0.0010985091142356,Y,288,와이파이 공유기 사용 여부,와이파이 사용,와이파이 사용
MonthlyDeviceNumber,0.0143228288926184,14,289,와이파이 접속 기기 수,데이터 사용량 많음,인터넷 사용량이 많은 편이라 IPTV 이용에 적합합니다.
WifiSubscriptionYesNo,0.0003515229187905,Y,289,와이파이 공유기 사용 여부,와이파이 사용,와이파이 사용
WingsCount,0.7196631314972183,1,290,와이파이 확장기 수,윙즈(와이파이 확장기) 사용,SK 브로드밴드의 부가서비스를 이용
ReAgreementYesNo,0.7133779855183093,Y,290,재약정 여부,재약정함,재약정 이력이 있음
MaxServiceAfscrbPassoverPeriod,0.6386387093414669,196,290,서비스 가입 후 경과 기간(월),장기고객,SK 브로드밴드 장기 이용 고객
ReAgreementYesNo,0.7983967592412955,Y,291,재약정 여부,재약정함,재약정 이력이 있음
InternetProductName,0.1022422055667266,기가라이트,291,인터넷 상품명,기가인터넷 사용,기가인터넷 이용
WifiSubscriptionYesNo,0.0010985091142356,Y,291,와이파이 공유기 사용 여부,와이파이 사용,와이파이 사용
ReAgreementYesNo,0.621704695384251,Y,292,재약정 여부,재약정함,재약정 이력이 있음
TotalOctetTransmitted_GB,0.1671971942752134,63.119468909,292,와이파이 사용 데이터 송신량,데이터 사용량 많음,인터넷 사용량이 많은 편이라 IPTV 이용에 적합합니다.
InternetProductName,0.068667923345929,기가라이트,292,인터넷 상품명,기가인터넷 사용,기가인터넷 이용
MonthlyDeviceNumber,0.035651466253621,9,293,와이파이 접속 기기 수,데이터 사용량 많음,인터넷 사용량이 많은 편이라 IPTV 이용에 적합합니다.
WifiSubscriptionYesNo,0.0003515229187905,Y,293,와이파이 공유기 사용 여부,와이파이 사용,와이파이 사용
MaxServiceAfscrbPassoverPeriod,2.100140023328131,128,294,서비스 가입 후 경과 기간(월),장기고객,SK 브로드밴드 장기 이용 고객
ReAgreementYesNo,1.2211484595437652,Y,294,재약정 여부,재약정함,재약정 이력이 있음
InternetProductName,0.0692044625605922,기가라이트,294,인터넷 상품명,기가인터넷 사용,기가인터넷 이용
MonthlyDeviceNumber,0.05498475534725,13,295,와이파이 접속 기기 수,데이터 사용량 많음,인터넷 사용량이 많은 편이라 IPTV 이용에 적합합니다.
WifiSubscriptionYesNo,0.0003515229187905,Y,295,와이파이 공유기 사용 여부,와이파이 사용,와이파이 사용
TotalOctetReceived_GB,0.3240484394972736,238.0,296,와이파이 사용 데이터 수신량,데이터 사용량 많음,인터넷 사용량이 많은 편이라 IPTV 이용에 적합합니다.
InternetProductName,0.1326350833952892,기가라이트,296,인터넷 상품명,기가인터넷 사용,기가인터넷 이용
WifiSubscriptionYesNo,0.0010985091142356,Y,296,와이파이 공유기 사용 여부,와이파이 사용,와이파이 사용
MonthlyDeviceNumber,0.142005789540417,10,297,와이파이 접속 기기 수,데이터 사용량 많음,인터넷 사용량이 많은 편이라 IPTV 이용에 적합합니다.
InternetProductName,0.090730420036707,기가라이트,297,인터넷 상품명,기가인터넷 사용,기가인터넷 이용
WifiSubscriptionYesNo,0.0010985091142356,Y,297,와이파이 공유기 사용 여부,와이파이 사용,와이파이 사용
ReAgreementYesNo,0.6395137092185905,Y,298,재약정 여부,재약정함,재약정 이력이 있음
MaxServiceAfscrbPassoverPeriod,0.2662745330159669,249,298,서비스 가입 후 경과 기간(월),장기고객,SK 브로드밴드 장기 이용 고객
TotalOctetReceived_GB,0.1792084232351044,205.0,298,와이파이 사용 데이터 수신량,데이터 사용량 많음,인터넷 사용량이 많은 편이라 IPTV 이용에 적합합니다.
TotalOctetTransmitted_GB,0.1634964682426652,3.843133427,299,와이파이 사용 데이터 송신량,데이터 사용량 많음,인터넷 사용량이 많은 편이라 IPTV 이용에 적합합니다.
InternetProductName,0.1118661265948321,기가라이트,299,인터넷 상품명,기가인터넷 사용,기가인터넷 이용
WifiSubscriptionYesNo,0.0010985091142356,Y,299,와이파이 공유기 사용 여부,와이파이 사용,와이파이 사용
MaxServiceAfscrbPassoverPeriod,1.327437869947753,126,300,서비스 가입 후 경과 기간(월),장기고객,SK 브로드밴드 장기 이용 고객
MonthlyDeviceNumber,0.0796308565280924,12,300,와이파이 접속 기기 수,데이터 사용량 많음,인터넷 사용량이 많은 편이라 IPTV 이용에 적합합니다.
InternetProductName,0.0769984167255461,기가,300,인터넷 상품명,기가인터넷 사용,기가인터넷 이용
InternetProductName,0.0818734500557184,기가라이트,301,인터넷 상품명,기가인터넷 사용,기가인터넷 이용
TotalOctetTransmitted_GB,0.023199198351358,29.043580012,301,와이파이 사용 데이터 송신량,데이터 사용량 많음,인터넷 사용량이 많은 편이라 IPTV 이용에 적합합니다.
WifiSubscriptionYesNo,0.0010985091142356,Y,301,와이파이 공유기 사용 여부,와이파이 사용,와이파이 사용
TotalOctetTransmitted_GB,0.0204899143410148,1.534233459,302,와이파이 사용 데이터 송신량,데이터 사용량 많음,인터넷 사용량이 많은 편이라 IPTV 이용에 적합합니다.
WifiSubscriptionYesNo,0.0003515229187905,Y,302,와이파이 공유기 사용 여부,와이파이 사용,와이파이 사용
WingsCount,0.6073061045538634,1,303,와이파이 확장기 수,윙즈(와이파이 확장기) 사용,SK 브로드밴드의 부가서비스를 이용
TotalOctetTransmitted_GB,0.1587043226728565,3.263034446,303,와이파이 사용 데이터 송신량,데이터 사용량 많음,인터넷 사용량이 많은 편이라 IPTV 이용에 적합합니다.
InternetProductName,0.1275860696774907,기가라이트,303,인터넷 상품명,기가인터넷 사용,기가인터넷 이용
InternetProductName,0.0768176789360586,기가라이트,304,인터넷 상품명,기가인터넷 사용,기가인터넷 이용
TotalOctetTransmitted_GB,0.0636807227856479,1.371079902,304,와이파이 사용 데이터 송신량,데이터 사용량 많음,인터넷 사용량이 많은 편이라 IPTV 이용에 적합합니다.
WifiSubscriptionYesNo,0.0010985091142356,Y,304,와이파이 공유기 사용 여부,와이파이 사용,와이파이 사용
TotalOctetTransmitted_GB,0.0846953961829422,2.914012141,305,와이파이 사용 데이터 송신량,데이터 사용량 많음,인터넷 사용량이 많은 편이라 IPTV 이용에 적합합니다.
WifiSubscriptionYesNo,0.0003515229187905,Y,305,와이파이 공유기 사용 여부,와이파이 사용,와이파이 사용
MonthlyDeviceNumber,0.0551971231079369,14,306,와이파이 접속 기기 수,데이터 사용량 많음,인터넷 사용량이 많은 편이라 IPTV 이용에 적합합니다.
WifiSubscriptionYesNo,0.0003515229187905,Y,306,와이파이 공유기 사용 여부,와이파이 사용,와이파이 사용
MonthlyDeviceNumber,0.0728818748302001,15,307,와이파이 접속 기기 수,데이터 사용량 많음,인터넷 사용량이 많은 편이라 IPTV 이용에 적합합니다.
InternetProductName,0.0663168830529321,기가라이트,307,인터넷 상품명,기가인터넷 사용,기가인터넷 이용
WifiSubscriptionYesNo,0.0010985091142356,Y,307,와이파이 공유기 사용 여부,와이파이 사용,와이파이 사용
InternetProductName,0.079130709975725,기가라이트,308,인터넷 상품명,기가인터넷 사용,기가인터넷 이용
MaxServiceAfscrbPassoverPeriod,0.0733749797916971,78,308,서비스 가입 후 경과 기간(월),장기고객,SK 브로드밴드 장기 이용 고객
WifiSubscriptionYesNo,0.0010985091142356,Y,308,와이파이 공유기 사용 여부,와이파이 사용,와이파이 사용
WifiSubscriptionYesNo,0.0003515229187905,Y,309,와이파이 공유기 사용 여부,와이파이 사용,와이파이 사용
WingsCount,0.511814474996645,1,310,와이파이 확장기 수,윙즈(와이파이 확장기) 사용,SK 브로드밴드의 부가서비스를 이용
TotalOctetReceived_GB,0.1044343785796081,258.0,310,와이파이 사용 데이터 수신량,데이터 사용량 많음,인터넷 사용량이 많은 편이라 IPTV 이용에 적합합니다.
WifiSubscriptionYesNo,0.0003515229187905,Y,310,와이파이 공유기 사용 여부,와이파이 사용,와이파이 사용
ReAgreementYesNo,0.8157792432443238,Y,311,재약정 여부,재약정함,재약정 이력이 있음
TotalOctetTransmitted_GB,0.1340192659513559,84.621105781,311,와이파이 사용 데이터 송신량,데이터 사용량 많음,인터넷 사용량이 많은 편이라 IPTV 이용에 적합합니다.
WifiSubscriptionYesNo,0.0003515229187905,Y,311,와이파이 공유기 사용 여부,와이파이 사용,와이파이 사용
InternetProductName,0.028726474547293,기가,312,인터넷 상품명,기가인터넷 사용,기가인터넷 이용
MonthlyDeviceNumber,0.0063939903106074,6,312,와이파이 접속 기기 수,데이터 사용량 많음,인터넷 사용량이 많은 편이라 IPTV 이용에 적합합니다.
WifiSubscriptionYesNo,0.0010985091142356,Y,312,와이파이 공유기 사용 여부,와이파이 사용,와이파이 사용
MaxServiceAfscrbPassoverPeriod,1.2195973979216068,148,313,서비스 가입 후 경과 기간(월),장기고객,SK 브로드밴드 장기 이용 고객
TotalOctetReceived_GB,0.1685664109810022,189.0,313,와이파이 사용 데이터 수신량,데이터 사용량 많음,인터넷 사용량이 많은 편이라 IPTV 이용에 적합합니다.
InternetProductName,0.0911403469962533,기가라이트,313,인터넷 상품명,기가인터넷 사용,기가인터넷 이용
MaxServiceAfscrbPassoverPeriod,0.634689220195287,167,314,서비스 가입 후 경과 기간(월),장기고객,SK 브로드밴드 장기 이용 고객
InternetProductName,0.0434448751632589,기가라이트,314,인터넷 상품명,기가인터넷 사용,기가인터넷 이용
WifiSubscriptionYesNo,0.0003075825516134,Y,314,와이파이 공유기 사용 여부,와이파이 사용,와이파이 사용
InternetProductName,0.0783115600678138,기가라이트,315,인터넷 상품명,기가인터넷 사용,기가인터넷 이용
TotalOctetReceived_GB,0.023020291624125,16.70654633,315,와이파이 사용 데이터 수신량,데이터 사용량 많음,인터넷 사용량이 많은 편이라 IPTV 이용에 적합합니다.
WifiSubscriptionYesNo,0.0010985091142356,Y,315,와이파이 공유기 사용 여부,와이파이 사용,와이파이 사용
InternetProductName,0.0559905486518982,기가라이트,316,인터넷 상품명,기가인터넷 사용,기가인터넷 이용
MonthlyDeviceNumber,0.0258452299160126,7,316,와이파이 접속 기기 수,데이터 사용량 많음,인터넷 사용량이 많은 편이라 IPTV 이용에 적합합니다.
WifiSubscriptionYesNo,0.0003075825516134,Y,316,와이파이 공유기 사용 여부,와이파이 사용,와이파이 사용
InternetProductName,0.1122218758298549,기가라이트,317,인터넷 상품명,기가인터넷 사용,기가인터넷 이용
MonthlyDeviceNumber,0.0865892295027151,12,317,와이파이 접속 기기 수,데이터 사용량 많음,인터넷 사용량이 많은 편이라 IPTV 이용에 적합합니다.
WifiSubscriptionYesNo,0.0010985091142356,Y,317,와이파이 공유기 사용 여부,와이파이 사용,와이파이 사용
InternetProductName,0.1126913796958979,기가라이트,318,인터넷 상품명,기가인터넷 사용,기가인터넷 이용
TotalOctetTransmitted_GB,0.0930316769960336,1.616910568,318,와이파이 사용 데이터 송신량,데이터 사용량 많음,인터넷 사용량이 많은 편이라 IPTV 이용에 적합합니다.
WifiSubscriptionYesNo,0.0010985091142356,Y,318,와이파이 공유기 사용 여부,와이파이 사용,와이파이 사용
InternetProductName,0.0946006499731447,기가라이트,319,인터넷 상품명,기가인터넷 사용,기가인터넷 이용
WifiSubscriptionYesNo,0.0010985091142356,Y,319,와이파이 공유기 사용 여부,와이파이 사용,와이파이 사용
TotalOctetTransmitted_GB,0.0248086760586011,49.060819197,320,와이파이 사용 데이터 송신량,데이터 사용량 많음,인터넷 사용량이 많은 편이라 IPTV 이용에 적합합니다.
WifiSubscriptionYesNo,0.0003515229187905,Y,320,와이파이 공유기 사용 여부,와이파이 사용,와이파이 사용
InternetProductName,0.0891168675466906,기가라이트,321,인터넷 상품명,기가인터넷 사용,기가인터넷 이용
MonthlyDeviceNumber,0.0297462241766334,14,321,와이파이 접속 기기 수,데이터 사용량 많음,인터넷 사용량이 많은 편이라 IPTV 이용에 적합합니다.
MaxServiceAfscrbPassoverPeriod,0.0258725064597092,57,321,서비스 가입 후 경과 기간(월),장기고객,SK 브로드밴드 장기 이용 고객
MaxServiceAfscrbPassoverPeriod,1.227610351407202,125,322,서비스 가입 후 경과 기간(월),장기고객,SK 브로드밴드 장기 이용 고객
TotalOctetTransmitted_GB,0.1203326777205802,3.005455631,322,와이파이 사용 데이터 송신량,데이터 사용량 많음,인터넷 사용량이 많은 편이라 IPTV 이용에 적합합니다.
InternetProductName,0.0696684076136443,기가,322,인터넷 상품명,기가인터넷 사용,기가인터넷 이용
TotalOctetTransmitted_GB,0.1879503561908495,3.394483761,323,와이파이 사용 데이터 송신량,데이터 사용량 많음,인터넷 사용량이 많은 편이라 IPTV 이용에 적합합니다.
InternetProductName,0.1114186697185505,기가라이트,323,인터넷 상품명,기가인터넷 사용,기가인터넷 이용
WifiSubscriptionYesNo,0.0035755317099392,Y,323,와이파이 공유기 사용 여부,와이파이 사용,와이파이 사용
TotalOctetTransmitted_GB,0.0714548647473566,1.417839709,324,와이파이 사용 데이터 송신량,데이터 사용량 많음,인터넷 사용량이 많은 편이라 IPTV 이용에 적합합니다.
InternetProductName,0.0140541717375162,기가,324,인터넷 상품명,기가인터넷 사용,기가인터넷 이용
WifiSubscriptionYesNo,0.0010985091142356,Y,324,와이파이 공유기 사용 여부,와이파이 사용,와이파이 사용
ReAgreementYesNo,0.8708233016042505,Y,325,재약정 여부,재약정함,재약정 이력이 있음
MaxServiceAfscrbPassoverPeriod,0.2935269503749441,255,325,서비스 가입 후 경과 기간(월),장기고객,SK 브로드밴드 장기 이용 고객
InternetProductName,0.0520846525300294,기가라이트,325,인터넷 상품명,기가인터넷 사용,기가인터넷 이용
InternetProductName,0.0572010508901439,기가,326,인터넷 상품명,기가인터넷 사용,기가인터넷 이용
MonthlyDeviceNumber,0.0336128565401304,14,326,와이파이 접속 기기 수,데이터 사용량 많음,인터넷 사용량이 많은 편이라 IPTV 이용에 적합합니다.
WifiSubscriptionYesNo,0.0010985091142356,Y,326,와이파이 공유기 사용 여부,와이파이 사용,와이파이 사용
InternetProductName,0.0829191772581543,기가라이트,327,인터넷 상품명,기가인터넷 사용,기가인터넷 이용
WifiSubscriptionYesNo,0.0010985091142356,Y,327,와이파이 공유기 사용 여부,와이파이 사용,와이파이 사용
MonthlyDeviceNumber,0.1110062816932622,10,328,와이파이 접속 기기 수,데이터 사용량 많음,인터넷 사용량이 많은 편이라 IPTV 이용에 적합합니다.
InternetProductName,0.0850649936601985,기가라이트,328,인터넷 상품명,기가인터넷 사용,기가인터넷 이용
WifiSubscriptionYesNo,0.0028706984966993,Y,328,와이파이 공유기 사용 여부,와이파이 사용,와이파이 사용
TotalOctetTransmitted_GB,0.1635311330234981,3.293126843,329,와이파이 사용 데이터 송신량,데이터 사용량 많음,인터넷 사용량이 많은 편이라 IPTV 이용에 적합합니다.
WifiSubscriptionYesNo,0.0003515229187905,Y,329,와이파이 공유기 사용 여부,와이파이 사용,와이파이 사용
WifiSubscriptionYesNo,0.0003515229187905,Y,330,와이파이 공유기 사용 여부,와이파이 사용,와이파이 사용
TotalOctetTransmitted_GB,0.1383710926660569,40.475406778,331,와이파이 사용 데이터 송신량,데이터 사용량 많음,인터넷 사용량이 많은 편이라 IPTV 이용에 적합합니다.
InternetProductName,0.050883916397579,기가라이트,331,인터넷 상품명,기가인터넷 사용,기가인터넷 이용
WifiSubscriptionYesNo,0.0003075825516134,Y,331,와이파이 공유기 사용 여부,와이파이 사용,와이파이 사용
InternetProductName,0.0596442955441307,기가라이트,332,인터넷 상품명,기가인터넷 사용,기가인터넷 이용
WifiSubscriptionYesNo,0.0010985091142356,Y,332,와이파이 공유기 사용 여부,와이파이 사용,와이파이 사용
TotalOctetTransmitted_GB,0.1460288285676506,4.507571162,333,와이파이 사용 데이터 송신량,데이터 사용량 많음,인터넷 사용량이 많은 편이라 IPTV 이용에 적합합니다.
InternetProductName,0.0972611379867885,기가라이트,333,인터넷 상품명,기가인터넷 사용,기가인터넷 이용
WifiSubscriptionYesNo,0.0010985091142356,Y,333,와이파이 공유기 사용 여부,와이파이 사용,와이파이 사용
WingsCount,0.7049331048887688,1,334,와이파이 확장기 수,윙즈(와이파이 확장기) 사용,SK 브로드밴드의 부가서비스를 이용
InternetProductName,0.1179377291095443,기가라이트,334,인터넷 상품명,기가인터넷 사용,기가인터넷 이용
WifiSubscriptionYesNo,0.0010985091142356,Y,334,와이파이 공유기 사용 여부,와이파이 사용,와이파이 사용
WingsCount,0.8020409882254899,1,335,와이파이 확장기 수,윙즈(와이파이 확장기) 사용,SK 브로드밴드의 부가서비스를 이용
TotalOctetTransmitted_GB,0.1469574915635166,2.400039645,335,와이파이 사용 데이터 송신량,데이터 사용량 많음,인터넷 사용량이 많은 편이라 IPTV 이용에 적합합니다.
InternetProductName,0.0900786628510104,기가,335,인터넷 상품명,기가인터넷 사용,기가인터넷 이용
MonthlyDeviceNumber,0.0980372645170427,10,336,와이파이 접속 기기 수,데이터 사용량 많음,인터넷 사용량이 많은 편이라 IPTV 이용에 적합합니다.
WifiSubscriptionYesNo,0.0003515229187905,Y,336,와이파이 공유기 사용 여부,와이파이 사용,와이파이 사용
MonthlyDeviceNumber,0.097519774807879,13,337,와이파이 접속 기기 수,데이터 사용량 많음,인터넷 사용량이 많은 편이라 IPTV 이용에 적합합니다.
WifiSubscriptionYesNo,0.0001757614687085,Y,337,와이파이 공유기 사용 여부,와이파이 사용,와이파이 사용
InternetProductName,0.1078993874148,기가라이트,338,인터넷 상품명,기가인터넷 사용,기가인터넷 이용
MaxServiceAfscrbPassoverPeriod,0.1068056914425687,59,338,서비스 가입 후 경과 기간(월),장기고객,SK 브로드밴드 장기 이용 고객
MonthlyDeviceNumber,0.1009956050630717,15,338,와이파이 접속 기기 수,데이터 사용량 많음,인터넷 사용량이 많은 편이라 IPTV 이용에 적합합니다.
MaxServiceAfscrbPassoverPeriod,1.1274557573604398,149,339,서비스 가입 후 경과 기간(월),장기고객,SK 브로드밴드 장기 이용 고객
InternetProductName,0.0519595046737231,기가라이트,339,인터넷 상품명,기가인터넷 사용,기가인터넷 이용
MonthlyDeviceNumber,0.0508965742592408,7,339,와이파이 접속 기기 수,데이터 사용량 많음,인터넷 사용량이 많은 편이라 IPTV 이용에 적합합니다.
TotalOctetReceived_GB,0.3748693201238348,186.0,340,와이파이 사용 데이터 수신량,데이터 사용량 많음,인터넷 사용량이 많은 편이라 IPTV 이용에 적합합니다.
MaxServiceAfscrbPassoverPeriod,0.1840319785889005,66,340,서비스 가입 후 경과 기간(월),장기고객,SK 브로드밴드 장기 이용 고객
InternetProductName,0.1425915772106964,기가라이트,340,인터넷 상품명,기가인터넷 사용,기가인터넷 이용
TotalOctetTransmitted_GB,0.1258937247641733,3.855149677,341,와이파이 사용 데이터 송신량,데이터 사용량 많음,인터넷 사용량이 많은 편이라 IPTV 이용에 적합합니다.
WifiSubscriptionYesNo,0.0003515229187905,Y,341,와이파이 공유기 사용 여부,와이파이 사용,와이파이 사용
InternetProductName,0.0824469477974344,기가라이트,342,인터넷 상품명,기가인터넷 사용,기가인터넷 이용
WifiSubscriptionYesNo,0.0010985091142356,Y,342,와이파이 공유기 사용 여부,와이파이 사용,와이파이 사용
TotalOctetTransmitted_GB,0.1172741017316002,2.473686424,343,와이파이 사용 데이터 송신량,데이터 사용량 많음,인터넷 사용량이 많은 편이라 IPTV 이용에 적합합니다.
InternetProductName,0.0496259284418192,기가라이트,343,인터넷 상품명,기가인터넷 사용,기가인터넷 이용
WifiSubscriptionYesNo,0.0010985091142356,Y,343,와이파이 공유기 사용 여부,와이파이 사용,와이파이 사용
InternetProductName,0.1170166404487099,기가라이트,344,인터넷 상품명,기가인터넷 사용,기가인터넷 이용
TotalOctetTransmitted_GB,0.1086534808875876,3.735701829,344,와이파이 사용 데이터 송신량,데이터 사용량 많음,인터넷 사용량이 많은 편이라 IPTV 이용에 적합합니다.
WifiSubscriptionYesNo,0.0010985091142356,Y,344,와이파이 공유기 사용 여부,와이파이 사용,와이파이 사용
MaxServiceAfscrbPassoverPeriod,0.1895253438013605,59,345,서비스 가입 후 경과 기간(월),장기고객,SK 브로드밴드 장기 이용 고객
TotalOctetReceived_GB,0.128322822949267,164.0,345,와이파이 사용 데이터 수신량,데이터 사용량 많음,인터넷 사용량이 많은 편이라 IPTV 이용에 적합합니다.
WifiSubscriptionYesNo,0.0003515229187905,Y,345,와이파이 공유기 사용 여부,와이파이 사용,와이파이 사용
ReAgreementYesNo,0.7428259431332117,Y,346,재약정 여부,재약정함,재약정 이력이 있음
MaxServiceAfscrbPassoverPeriod,0.4091674688586499,298,346,서비스 가입 후 경과 기간(월),장기고객,SK 브로드밴드 장기 이용 고객
TotalOctetReceived_GB,0.0758480220101773,101.0,346,와이파이 사용 데이터 수신량,데이터 사용량 많음,인터넷 사용량이 많은 편이라 IPTV 이용에 적합합니다.
ReAgreementYesNo,0.6606447970616864,Y,347,재약정 여부,재약정함,재약정 이력이 있음
InternetProductName,0.1257670758094173,기가라이트,347,인터넷 상품명,기가인터넷 사용,기가인터넷 이용
TotalOctetTransmitted_GB,0.111719710114412,3.05104232,347,와이파이 사용 데이터 송신량,데이터 사용량 많음,인터넷 사용량이 많은 편이라 IPTV 이용에 적합합니다.
TotalOctetTransmitted_GB,0.1189036605192814,3.414683578,348,와이파이 사용 데이터 송신량,데이터 사용량 많음,인터넷 사용량이 많은 편이라 IPTV 이용에 적합합니다.
WifiSubscriptionYesNo,0.0003515229187905,Y,348,와이파이 공유기 사용 여부,와이파이 사용,와이파이 사용
WifiSubscriptionYesNo,0.0003515229187905,Y,350,와이파이 공유기 사용 여부,와이파이 사용,와이파이 사용
MonthlyDeviceNumber,0.0356141665868926,9,351,와이파이 접속 기기 수,데이터 사용량 많음,인터넷 사용량이 많은 편이라 IPTV 이용에 적합합니다.
WifiSubscriptionYesNo,0.0003515229187905,Y,351,와이파이 공유기 사용 여부,와이파이 사용,와이파이 사용
MaxServiceAfscrbPassoverPeriod,0.1910437528276816,82,352,서비스 가입 후 경과 기간(월),장기고객,SK 브로드밴드 장기 이용 고객
TotalOctetTransmitted_GB,0.0807313439098652,135.0,352,와이파이 사용 데이터 송신량,데이터 사용량 많음,인터넷 사용량이 많은 편이라 IPTV 이용에 적합합니다.
InternetProductName,0.0710503894975408,기가라이트,352,인터넷 상품명,기가인터넷 사용,기가인터넷 이용
MonthlyDeviceNumber,0.1057704187266063,11,353,와이파이 접속 기기 수,데이터 사용량 많음,인터넷 사용량이 많은 편이라 IPTV 이용에 적합합니다.
InternetProductName,0.0970617955189663,기가라이트,353,인터넷 상품명,기가인터넷 사용,기가인터넷 이용
WifiSubscriptionYesNo,0.0010985091142356,Y,353,와이파이 공유기 사용 여부,와이파이 사용,와이파이 사용
MaxServiceAfscrbPassoverPeriod,0.8847194752976065,121,354,서비스 가입 후 경과 기간(월),장기고객,SK 브로드밴드 장기 이용 고객
MonthlyDeviceNumber,0.0890722382349486,11,354,와이파이 접속 기기 수,데이터 사용량 많음,인터넷 사용량이 많은 편이라 IPTV 이용에 적합합니다.
InternetProductName,0.0573685108590871,기가라이트,354,인터넷 상품명,기가인터넷 사용,기가인터넷 이용
InternetProductName,0.0940524744230788,기가라이트,355,인터넷 상품명,기가인터넷 사용,기가인터넷 이용
MonthlyDeviceNumber,0.040551750564482,14,355,와이파이 접속 기기 수,데이터 사용량 많음,인터넷 사용량이 많은 편이라 IPTV 이용에 적합합니다.
WifiSubscriptionYesNo,0.0010985091142356,Y,355,와이파이 공유기 사용 여부,와이파이 사용,와이파이 사용
TotalOctetReceived_GB,0.1810189070476917,207.0,356,와이파이 사용 데이터 수신량,데이터 사용량 많음,인터넷 사용량이 많은 편이라 IPTV 이용에 적합합니다.
MaxServiceAfscrbPassoverPeriod,0.1693330611661076,73,356,서비스 가입 후 경과 기간(월),장기고객,SK 브로드밴드 장기 이용 고객
InternetProductName,0.0959710145008284,기가라이트,356,인터넷 상품명,기가인터넷 사용,기가인터넷 이용
TotalOctetReceived_GB,0.035382922446588,17.434746845,357,와이파이 사용 데이터 수신량,데이터 사용량 많음,인터넷 사용량이 많은 편이라 IPTV 이용에 적합합니다.
WifiSubscriptionYesNo,0.0003515229187905,Y,357,와이파이 공유기 사용 여부,와이파이 사용,와이파이 사용
InternetProductName,0.0713180135237053,기가라이트,358,인터넷 상품명,기가인터넷 사용,기가인터넷 이용
TotalOctetTransmitted_GB,0.0335022419565939,27.990242381,358,와이파이 사용 데이터 송신량,데이터 사용량 많음,인터넷 사용량이 많은 편이라 IPTV 이용에 적합합니다.
WifiSubscriptionYesNo,0.0010985091142356,Y,358,와이파이 공유기 사용 여부,와이파이 사용,와이파이 사용
MaxServiceAfscrbPassoverPeriod,0.7890713317447807,118,359,서비스 가입 후 경과 기간(월),장기고객,SK 브로드밴드 장기 이용 고객
MonthlyDeviceNumber,0.0027262902406801,14,359,와이파이 접속 기기 수,데이터 사용량 많음,인터넷 사용량이 많은 편이라 IPTV 이용에 적합합니다.
WifiSubscriptionYesNo,0.0001757614687085,Y,359,와이파이 공유기 사용 여부,와이파이 사용,와이파이 사용
TotalOctetReceived_GB,0.1285099445603555,126.0,360,와이파이 사용 데이터 수신량,데이터 사용량 많음,인터넷 사용량이 많은 편이라 IPTV 이용에 적합합니다.
InternetProductName,0.1112070851924363,기가라이트,360,인터넷 상품명,기가인터넷 사용,기가인터넷 이용
WifiSubscriptionYesNo,0.0010985091142356,Y,360,와이파이 공유기 사용 여부,와이파이 사용,와이파이 사용
MaxServiceAfscrbPassoverPeriod,1.5674095196003328,137,361,서비스 가입 후 경과 기간(월),장기고객,SK 브로드밴드 장기 이용 고객
InternetProductName,0.0555210021708626,기가,361,인터넷 상품명,기가인터넷 사용,기가인터넷 이용
InternetProductName,0.0618382620438933,기가,362,인터넷 상품명,기가인터넷 사용,기가인터넷 이용
MonthlyDeviceNumber,0.019857229781337,13,362,와이파이 접속 기기 수,데이터 사용량 많음,인터넷 사용량이 많은 편이라 IPTV 이용에 적합합니다.
WifiSubscriptionYesNo,0.0010985091142356,Y,362,와이파이 공유기 사용 여부,와이파이 사용,와이파이 사용
InternetProductName,0.0977132714085746,기가라이트,363,인터넷 상품명,기가인터넷 사용,기가인터넷 이용
TotalOctetTransmitted_GB,0.0489732845587423,1.492219508,363,와이파이 사용 데이터 송신량,데이터 사용량 많음,인터넷 사용량이 많은 편이라 IPTV 이용에 적합합니다.
WifiSubscriptionYesNo,0.0010985091142356,Y,363,와이파이 공유기 사용 여부,와이파이 사용,와이파이 사용
ReAgreementYesNo,0.90324048272254,Y,364,재약정 여부,재약정함,재약정 이력이 있음
TotalOctetReceived_GB,0.0962793050464824,141.0,364,와이파이 사용 데이터 수신량,데이터 사용량 많음,인터넷 사용량이 많은 편이라 IPTV 이용에 적합합니다.
InternetProductName,0.0135724972328171,기가,364,인터넷 상품명,기가인터넷 사용,기가인터넷 이용
ReAgreementYesNo,0.8060691199181019,Y,365,재약정 여부,재약정함,재약정 이력이 있음
TotalOctetReceived_GB,0.1982110236748121,171.0,366,와이파이 사용 데이터 수신량,데이터 사용량 많음,인터넷 사용량이 많은 편이라 IPTV 이용에 적합합니다.
InternetProductName,0.1009775048110168,기가라이트,366,인터넷 상품명,기가인터넷 사용,기가인터넷 이용
MaxServiceAfscrbPassoverPeriod,0.0820345295534934,62,366,서비스 가입 후 경과 기간(월),장기고객,SK 브로드밴드 장기 이용 고객
InternetProductName,0.0163727689383085,기가라이트,367,인터넷 상품명,기가인터넷 사용,기가인터넷 이용
InternetProductName,0.0777747504075523,기가,368,인터넷 상품명,기가인터넷 사용,기가인터넷 이용
WifiSubscriptionYesNo,0.0010985091142356,Y,368,와이파이 공유기 사용 여부,와이파이 사용,와이파이 사용
TotalOctetTransmitted_GB,0.1124890489317476,3.087093043,369,와이파이 사용 데이터 송신량,데이터 사용량 많음,인터넷 사용량이 많은 편이라 IPTV 이용에 적합합니다.
InternetProductName,0.0647321012278553,기가라이트,369,인터넷 상품명,기가인터넷 사용,기가인터넷 이용
WifiSubscriptionYesNo,0.0003075825516134,Y,369,와이파이 공유기 사용 여부,와이파이 사용,와이파이 사용
ReAgreementYesNo,0.659593762421282,Y,370,재약정 여부,재약정함,재약정 이력이 있음
TotalOctetReceived_GB,0.2041489076527068,111.0,370,와이파이 사용 데이터 수신량,데이터 사용량 많음,인터넷 사용량이 많은 편이라 IPTV 이용에 적합합니다.
InternetProductName,0.1124669552326668,기가라이트,370,인터넷 상품명,기가인터넷 사용,기가인터넷 이용
WifiSubscriptionYesNo,0.0003515229187905,Y,371,와이파이 공유기 사용 여부,와이파이 사용,와이파이 사용
TotalOctetTransmitted_GB,0.0709364341347827,3.436049718,372,와이파이 사용 데이터 송신량,데이터 사용량 많음,인터넷 사용량이 많은 편이라 IPTV 이용에 적합합니다.
WifiSubscriptionYesNo,0.0003515229187905,Y,372,와이파이 공유기 사용 여부,와이파이 사용,와이파이 사용
InternetProductName,0.0841908597794827,기가라이트,373,인터넷 상품명,기가인터넷 사용,기가인터넷 이용
MonthlyDeviceNumber,0.0822828688434674,14,373,와이파이 접속 기기 수,데이터 사용량 많음,인터넷 사용량이 많은 편이라 IPTV 이용에 적합합니다.
WifiSubscriptionYesNo,0.0010985091142356,Y,373,와이파이 공유기 사용 여부,와이파이 사용,와이파이 사용
WifiSubscriptionYesNo,0.0003515229187905,Y,374,와이파이 공유기 사용 여부,와이파이 사용,와이파이 사용
ReAgreementYesNo,0.7541515764585347,Y,375,재약정 여부,재약정함,재약정 이력이 있음
MaxServiceAfscrbPassoverPeriod,0.3774947935488308,301,375,서비스 가입 후 경과 기간(월),장기고객,SK 브로드밴드 장기 이용 고객
InternetProductName,0.0669449458300368,기가라이트,375,인터넷 상품명,기가인터넷 사용,기가인터넷 이용
ReAgreementYesNo,1.048588965361705,Y,376,재약정 여부,재약정함,재약정 이력이 있음
MonthlyDeviceNumber,0.0499446034968423,14,376,와이파이 접속 기기 수,데이터 사용량 많음,인터넷 사용량이 많은 편이라 IPTV 이용에 적합합니다.
InternetProductName,0.0121652778727002,기가,376,인터넷 상품명,기가인터넷 사용,기가인터넷 이용
TotalOctetReceived_GB,0.4239182112709386,290.0,377,와이파이 사용 데이터 수신량,데이터 사용량 많음,인터넷 사용량이 많은 편이라 IPTV 이용에 적합합니다.
InternetProductName,0.1117601474805269,기가라이트,377,인터넷 상품명,기가인터넷 사용,기가인터넷 이용
WifiSubscriptionYesNo,0.0010985091142356,Y,377,와이파이 공유기 사용 여부,와이파이 사용,와이파이 사용
MaxServiceAfscrbPassoverPeriod,0.5897225035587326,171,378,서비스 가입 후 경과 기간(월),장기고객,SK 브로드밴드 장기 이용 고객
InternetProductName,0.036634698404232,기가라이트,378,인터넷 상품명,기가인터넷 사용,기가인터넷 이용
TotalOctetTransmitted_GB,0.0362367718620225,2.591570817,378,와이파이 사용 데이터 송신량,데이터 사용량 많음,인터넷 사용량이 많은 편이라 IPTV 이용에 적합합니다.
WifiSubscriptionYesNo,0.0003515229187905,Y,379,와이파이 공유기 사용 여부,와이파이 사용,와이파이 사용
InternetProductName,0.1045245600456837,기가라이트,380,인터넷 상품명,기가인터넷 사용,기가인터넷 이용
WifiSubscriptionYesNo,0.0010985091142356,Y,380,와이파이 공유기 사용 여부,와이파이 사용,와이파이 사용
InternetProductName,0.0413959164975676,기가라이트,381,인터넷 상품명,기가인터넷 사용,기가인터넷 이용
MonthlyDeviceNumber,0.0401132027273706,7,381,와이파이 접속 기기 수,데이터 사용량 많음,인터넷 사용량이 많은 편이라 IPTV 이용에 적합합니다.
WifiSubscriptionYesNo,0.0003075825516134,Y,381,와이파이 공유기 사용 여부,와이파이 사용,와이파이 사용
MaxServiceAfscrbPassoverPeriod,1.2171143915277207,140,382,서비스 가입 후 경과 기간(월),장기고객,SK 브로드밴드 장기 이용 고객
ReAgreementYesNo,0.8823943338706158,Y,382,재약정 여부,재약정함,재약정 이력이 있음
InternetProductName,0.0518601297109853,기가라이트,382,인터넷 상품명,기가인터넷 사용,기가인터넷 이용
MonthlyDeviceNumber,0.1038185631239321,12,383,와이파이 접속 기기 수,데이터 사용량 많음,인터넷 사용량이 많은 편이라 IPTV 이용에 적합합니다.
InternetProductName,0.0591769363125786,기가,383,인터넷 상품명,기가인터넷 사용,기가인터넷 이용
WifiSubscriptionYesNo,0.0010985091142356,Y,383,와이파이 공유기 사용 여부,와이파이 사용,와이파이 사용
ReAgreementYesNo,0.7924917740016827,Y,384,재약정 여부,재약정함,재약정 이력이 있음
MaxServiceAfscrbPassoverPeriod,0.2872426826978335,182,384,서비스 가입 후 경과 기간(월),장기고객,SK 브로드밴드 장기 이용 고객
InternetProductName,0.0797329999302746,기가,384,인터넷 상품명,기가인터넷 사용,기가인터넷 이용
WingsCount,0.6458554749959149,1,385,와이파이 확장기 수,윙즈(와이파이 확장기) 사용,SK 브로드밴드의 부가서비스를 이용
InternetProductName,0.1240770373807754,기가라이트,385,인터넷 상품명,기가인터넷 사용,기가인터넷 이용
TotalOctetTransmitted_GB,0.0296584103789064,10.333240409,385,와이파이 사용 데이터 송신량,데이터 사용량 많음,인터넷 사용량이 많은 편이라 IPTV 이용에 적합합니다.
MaxServiceAfscrbPassoverPeriod,1.3007691539888038,130,386,서비스 가입 후 경과 기간(월),장기고객,SK 브로드밴드 장기 이용 고객
MonthlyDeviceNumber,0.0620107360825932,14,386,와이파이 접속 기기 수,데이터 사용량 많음,인터넷 사용량이 많은 편이라 IPTV 이용에 적합합니다.
WifiSubscriptionYesNo,0.0001757614687085,Y,386,와이파이 공유기 사용 여부,와이파이 사용,와이파이 사용
MonthlyDeviceNumber,0.0829086756228935,14,387,와이파이 접속 기기 수,데이터 사용량 많음,인터넷 사용량이 많은 편이라 IPTV 이용에 적합합니다.
WifiSubscriptionYesNo,0.0028285455144941,Y,387,와이파이 공유기 사용 여부,와이파이 사용,와이파이 사용
InternetProductName,0.1236180509149562,기가라이트,388,인터넷 상품명,기가인터넷 사용,기가인터넷 이용
TotalOctetTransmitted_GB,0.0133339599726605,9.132027254,388,와이파이 사용 데이터 송신량,데이터 사용량 많음,인터넷 사용량이 많은 편이라 IPTV 이용에 적합합니다.
WifiSubscriptionYesNo,0.0010985091142356,Y,388,와이파이 공유기 사용 여부,와이파이 사용,와이파이 사용
MonthlyDeviceNumber,0.1424181397058418,11,389,와이파이 접속 기기 수,데이터 사용량 많음,인터넷 사용량이 많은 편이라 IPTV 이용에 적합합니다.
InternetProductName,0.1389232252014335,기가라이트,389,인터넷 상품명,기가인터넷 사용,기가인터넷 이용
WifiSubscriptionYesNo,0.0010985091142356,Y,389,와이파이 공유기 사용 여부,와이파이 사용,와이파이 사용
MaxServiceAfscrbPassoverPeriod,0.0786600590753369,77,390,서비스 가입 후 경과 기간(월),장기고객,SK 브로드밴드 장기 이용 고객
InternetProductName,0.0718330088118091,기가라이트,390,인터넷 상품명,기가인터넷 사용,기가인터넷 이용
TotalOctetTransmitted_GB,0.0035494720056885,31.047273027,390,와이파이 사용 데이터 송신량,데이터 사용량 많음,인터넷 사용량이 많은 편이라 IPTV 이용에 적합합니다.
ReAgreementYesNo,0.975366456931806,Y,391,재약정 여부,재약정함,재약정 이력이 있음
MaxServiceAfscrbPassoverPeriod,0.9659560241829604,160,391,서비스 가입 후 경과 기간(월),장기고객,SK 브로드밴드 장기 이용 고객
ReAgreementYesNo,0.6075203990360023,Y,392,재약정 여부,재약정함,재약정 이력이 있음
MaxServiceAfscrbPassoverPeriod,0.3078557562519563,258,392,서비스 가입 후 경과 기간(월),장기고객,SK 브로드밴드 장기 이용 고객
TotalOctetTransmitted_GB,0.0601397897710558,4.358693407,392,와이파이 사용 데이터 송신량,데이터 사용량 많음,인터넷 사용량이 많은 편이라 IPTV 이용에 적합합니다.
MonthlyDeviceNumber,0.0449118668143637,14,393,와이파이 접속 기기 수,데이터 사용량 많음,인터넷 사용량이 많은 편이라 IPTV 이용에 적합합니다.
WifiSubscriptionYesNo,0.0003515229187905,Y,393,와이파이 공유기 사용 여부,와이파이 사용,와이파이 사용
InternetProductName,0.0976773137727286,기가라이트,394,인터넷 상품명,기가인터넷 사용,기가인터넷 이용
TotalOctetTransmitted_GB,0.0873290294720209,3.434985998,394,와이파이 사용 데이터 송신량,데이터 사용량 많음,인터넷 사용량이 많은 편이라 IPTV 이용에 적합합니다.
WifiSubscriptionYesNo,0.0010985091142356,Y,394,와이파이 공유기 사용 여부,와이파이 사용,와이파이 사용
MaxServiceAfscrbPassoverPeriod,1.3711598376370966,128,395,서비스 가입 후 경과 기간(월),장기고객,SK 브로드밴드 장기 이용 고객
ReAgreementYesNo,0.8802731322124601,Y,395,재약정 여부,재약정함,재약정 이력이 있음
TotalOctetTransmitted_GB,0.024652439894271,50.608064876,395,와이파이 사용 데이터 송신량,데이터 사용량 많음,인터넷 사용량이 많은 편이라 IPTV 이용에 적합합니다.
InternetProductName,0.0719185661186929,기가라이트,396,인터넷 상품명,기가인터넷 사용,기가인터넷 이용
WifiSubscriptionYesNo,0.0010985091142356,Y,396,와이파이 공유기 사용 여부,와이파이 사용,와이파이 사용
TotalOctetReceived_GB,0.2474843298144696,124.0,397,와이파이 사용 데이터 수신량,데이터 사용량 많음,인터넷 사용량이 많은 편이라 IPTV 이용에 적합합니다.
InternetProductName,0.1401266970776487,기가라이트,397,인터넷 상품명,기가인터넷 사용,기가인터넷 이용
WifiSubscriptionYesNo,0.0010985091142356,Y,397,와이파이 공유기 사용 여부,와이파이 사용,와이파이 사용
TotalOctetReceived_GB,0.2618229713320034,159.0,398,와이파이 사용 데이터 수신량,데이터 사용량 많음,인터넷 사용량이 많은 편이라 IPTV 이용에 적합합니다.
InternetProductName,0.0403562266402877,기가,398,인터넷 상품명,기가인터넷 사용,기가인터넷 이용
WifiSubscriptionYesNo,0.0010985091142356,Y,398,와이파이 공유기 사용 여부,와이파이 사용,와이파이 사용
WifiSubscriptionYesNo,0.0003515229187905,Y,399,와이파이 공유기 사용 여부,와이파이 사용,와이파이 사용
MaxServiceAfscrbPassoverPeriod,0.3807041263137944,67,400,서비스 가입 후 경과 기간(월),장기고객,SK 브로드밴드 장기 이용 고객
TotalOctetTransmitted_GB,0.0821957449847832,152.0,400,와이파이 사용 데이터 송신량,데이터 사용량 많음,인터넷 사용량이 많은 편이라 IPTV 이용에 적합합니다.
WifiSubscriptionYesNo,0.0003515229187905,Y,400,와이파이 공유기 사용 여부,와이파이 사용,와이파이 사용
InternetProductName,0.0915192512399517,기가라이트,401,인터넷 상품명,기가인터넷 사용,기가인터넷 이용
TotalOctetTransmitted_GB,0.0430098610575078,2.5009395,401,와이파이 사용 데이터 송신량,데이터 사용량 많음,인터넷 사용량이 많은 편이라 IPTV 이용에 적합합니다.
WifiSubscriptionYesNo,0.0019255909137427,Y,401,와이파이 공유기 사용 여부,와이파이 사용,와이파이 사용
TotalOctetReceived_GB,0.2087732063495787,121.0,402,와이파이 사용 데이터 수신량,데이터 사용량 많음,인터넷 사용량이 많은 편이라 IPTV 이용에 적합합니다.
InternetProductName,0.1070758462685626,기가라이트,402,인터넷 상품명,기가인터넷 사용,기가인터넷 이용
MaxServiceAfscrbPassoverPeriod,0.016523957257159,87,402,서비스 가입 후 경과 기간(월),장기고객,SK 브로드밴드 장기 이용 고객
TotalOctetReceived_GB,0.2410060668020742,192.0,404,와이파이 사용 데이터 수신량,데이터 사용량 많음,인터넷 사용량이 많은 편이라 IPTV 이용에 적합합니다.
InternetProductName,0.1412030689639505,기가라이트,404,인터넷 상품명,기가인터넷 사용,기가인터넷 이용
WifiSubscriptionYesNo,0.0010985091142356,Y,404,와이파이 공유기 사용 여부,와이파이 사용,와이파이 사용
InternetProductName,0.008667955083074,기가라이트,405,인터넷 상품명,기가인터넷 사용,기가인터넷 이용
InternetProductName,0.0737581822337233,기가라이트,406,인터넷 상품명,기가인터넷 사용,기가인터넷 이용
WifiSubscriptionYesNo,0.0010985091142356,Y,406,와이파이 공유기 사용 여부,와이파이 사용,와이파이 사용
ReAgreementYesNo,0.7215798504580744,Y,407,재약정 여부,재약정함,재약정 이력이 있음
WifiSubscriptionYesNo,0.0003515229187905,Y,408,와이파이 공유기 사용 여부,와이파이 사용,와이파이 사용
InternetProductName,0.1540071963833179,기가라이트,409,인터넷 상품명,기가인터넷 사용,기가인터넷 이용
TotalOctetReceived_GB,0.146129319936881,153.0,409,와이파이 사용 데이터 수신량,데이터 사용량 많음,인터넷 사용량이 많은 편이라 IPTV 이용에 적합합니다.
WifiSubscriptionYesNo,0.0010985091142356,Y,409,와이파이 공유기 사용 여부,와이파이 사용,와이파이 사용
WingsCount,0.6169858683587518,1,410,와이파이 확장기 수,윙즈(와이파이 확장기) 사용,SK 브로드밴드의 부가서비스를 이용
TotalOctetReceived_GB,0.1927221705426927,208.0,410,와이파이 사용 데이터 수신량,데이터 사용량 많음,인터넷 사용량이 많은 편이라 IPTV 이용에 적합합니다.
InternetProductName,0.1656662844889797,기가라이트,410,인터넷 상품명,기가인터넷 사용,기가인터넷 이용
InternetProductName,0.1296345244639087,기가라이트,411,인터넷 상품명,기가인터넷 사용,기가인터넷 이용
MonthlyDeviceNumber,0.1113322078183409,10,411,와이파이 접속 기기 수,데이터 사용량 많음,인터넷 사용량이 많은 편이라 IPTV 이용에 적합합니다.
WifiSubscriptionYesNo,0.0010985091142356,Y,411,와이파이 공유기 사용 여부,와이파이 사용,와이파이 사용
ReAgreementYesNo,0.5859320259827655,Y,412,재약정 여부,재약정함,재약정 이력이 있음
InternetProductName,0.116915395790711,기가라이트,412,인터넷 상품명,기가인터넷 사용,기가인터넷 이용
MonthlyDeviceNumber,0.0241126307239755,15,412,와이파이 접속 기기 수,데이터 사용량 많음,인터넷 사용량이 많은 편이라 IPTV 이용에 적합합니다.
MaxServiceAfscrbPassoverPeriod,0.9006192230788292,121,413,서비스 가입 후 경과 기간(월),장기고객,SK 브로드밴드 장기 이용 고객
TotalOctetReceived_GB,0.1324294954823562,104.0,413,와이파이 사용 데이터 수신량,데이터 사용량 많음,인터넷 사용량이 많은 편이라 IPTV 이용에 적합합니다.
InternetProductName,0.0640286448656115,기가라이트,413,인터넷 상품명,기가인터넷 사용,기가인터넷 이용
ReAgreementYesNo,0.7229879304551287,Y,414,재약정 여부,재약정함,재약정 이력이 있음
MaxServiceAfscrbPassoverPeriod,0.1284665988822234,280,414,서비스 가입 후 경과 기간(월),장기고객,SK 브로드밴드 장기 이용 고객
InternetProductName,0.0946629011724144,기가,414,인터넷 상품명,기가인터넷 사용,기가인터넷 이용
TotalOctetReceived_GB,0.2437308694940293,131.0,415,와이파이 사용 데이터 수신량,데이터 사용량 많음,인터넷 사용량이 많은 편이라 IPTV 이용에 적합합니다.
InternetProductName,0.1558205387333873,기가라이트,415,인터넷 상품명,기가인터넷 사용,기가인터넷 이용
WifiSubscriptionYesNo,0.0035755317099392,Y,415,와이파이 공유기 사용 여부,와이파이 사용,와이파이 사용
TotalOctetReceived_GB,0.1511846281931502,156.0,416,와이파이 사용 데이터 수신량,데이터 사용량 많음,인터넷 사용량이 많은 편이라 IPTV 이용에 적합합니다.
MaxServiceAfscrbPassoverPeriod,0.1017984171921853,66,416,서비스 가입 후 경과 기간(월),장기고객,SK 브로드밴드 장기 이용 고객
InternetProductName,0.097961951700272,기가라이트,416,인터넷 상품명,기가인터넷 사용,기가인터넷 이용
TotalOctetTransmitted_GB,0.1600065215956419,2.099387702,417,와이파이 사용 데이터 송신량,데이터 사용량 많음,인터넷 사용량이 많은 편이라 IPTV 이용에 적합합니다.
InternetProductName,0.058330519972369,기가,417,인터넷 상품명,기가인터넷 사용,기가인터넷 이용
WifiSubscriptionYesNo,0.0010985091142356,Y,417,와이파이 공유기 사용 여부,와이파이 사용,와이파이 사용
WingsCount,0.6676254719635472,1,418,와이파이 확장기 수,윙즈(와이파이 확장기) 사용,SK 브로드밴드의 부가서비스를 이용
TotalOctetReceived_GB,0.1847430933185387,150.0,418,와이파이 사용 데이터 수신량,데이터 사용량 많음,인터넷 사용량이 많은 편이라 IPTV 이용에 적합합니다.
InternetProductName,0.1239554051542654,기가라이트,418,인터넷 상품명,기가인터넷 사용,기가인터넷 이용
TotalOctetTransmitted_GB,0.0628968326069298,1.898451954,419,와이파이 사용 데이터 송신량,데이터 사용량 많음,인터넷 사용량이 많은 편이라 IPTV 이용에 적합합니다.
WifiSubscriptionYesNo,0.0003515229187905,Y,419,와이파이 공유기 사용 여부,와이파이 사용,와이파이 사용
WifiSubscriptionYesNo,0.0003515229187905,Y,420,와이파이 공유기 사용 여부,와이파이 사용,와이파이 사용
InternetProductName,0.0781467687257099,기가라이트,421,인터넷 상품명,기가인터넷 사용,기가인터넷 이용
MonthlyDeviceNumber,0.0413150879081513,20,421,와이파이 접속 기기 수,데이터 사용량 많음,인터넷 사용량이 많은 편이라 IPTV 이용에 적합합니다.
WifiSubscriptionYesNo,0.0010985091142356,Y,421,와이파이 공유기 사용 여부,와이파이 사용,와이파이 사용
InternetProductName,0.1044838429219089,기가라이트,422,인터넷 상품명,기가인터넷 사용,기가인터넷 이용
MonthlyDeviceNumber,0.063191950948676,14,422,와이파이 접속 기기 수,데이터 사용량 많음,인터넷 사용량이 많은 편이라 IPTV 이용에 적합합니다.
WifiSubscriptionYesNo,0.0010985091142356,Y,422,와이파이 공유기 사용 여부,와이파이 사용,와이파이 사용
MaxServiceAfscrbPassoverPeriod,0.2536464260343928,90,423,서비스 가입 후 경과 기간(월),장기고객,SK 브로드밴드 장기 이용 고객
InternetProductName,0.0686939215939492,기가라이트,423,인터넷 상품명,기가인터넷 사용,기가인터넷 이용
TotalOctetReceived_GB,0.0331022293190471,14.368597325,423,와이파이 사용 데이터 수신량,데이터 사용량 많음,인터넷 사용량이 많은 편이라 IPTV 이용에 적합합니다.
MonthlyDeviceNumber,0.131365905025741,11,424,와이파이 접속 기기 수,데이터 사용량 많음,인터넷 사용량이 많은 편이라 IPTV 이용에 적합합니다.
InternetProductName,0.1022693518747109,기가라이트,424,인터넷 상품명,기가인터넷 사용,기가인터넷 이용
WifiSubscriptionYesNo,0.0010985091142356,Y,424,와이파이 공유기 사용 여부,와이파이 사용,와이파이 사용
TotalOctetReceived_GB,0.2906347582151647,265.0,425,와이파이 사용 데이터 수신량,데이터 사용량 많음,인터넷 사용량이 많은 편이라 IPTV 이용에 적합합니다.
InternetProductName,0.1395842347142752,기가라이트,425,인터넷 상품명,기가인터넷 사용,기가인터넷 이용
WifiSubscriptionYesNo,0.0010985091142356,Y,425,와이파이 공유기 사용 여부,와이파이 사용,와이파이 사용
MaxServiceAfscrbPassoverPeriod,0.9579709261737298,154,426,서비스 가입 후 경과 기간(월),장기고객,SK 브로드밴드 장기 이용 고객
TotalOctetTransmitted_GB,0.0471473141037859,1.564015458,426,와이파이 사용 데이터 송신량,데이터 사용량 많음,인터넷 사용량이 많은 편이라 IPTV 이용에 적합합니다.
InternetProductName,0.0462841550447046,기가라이트,426,인터넷 상품명,기가인터넷 사용,기가인터넷 이용
TotalOctetReceived_GB,0.2249804445984773,352.0,427,와이파이 사용 데이터 수신량,데이터 사용량 많음,인터넷 사용량이 많은 편이라 IPTV 이용에 적합합니다.
InternetProductName,0.1386145300418138,기가라이트,427,인터넷 상품명,기가인터넷 사용,기가인터넷 이용
WifiSubscriptionYesNo,0.0010985091142356,Y,427,와이파이 공유기 사용 여부,와이파이 사용,와이파이 사용
MonthlyDeviceNumber,0.1386144155226066,11,428,와이파이 접속 기기 수,데이터 사용량 많음,인터넷 사용량이 많은 편이라 IPTV 이용에 적합합니다.
InternetProductName,0.0945331845770124,기가라이트,428,인터넷 상품명,기가인터넷 사용,기가인터넷 이용
WifiSubscriptionYesNo,0.0010985091142356,Y,428,와이파이 공유기 사용 여부,와이파이 사용,와이파이 사용
TotalOctetReceived_GB,0.2087111148639815,160.0,429,와이파이 사용 데이터 수신량,데이터 사용량 많음,인터넷 사용량이 많은 편이라 IPTV 이용에 적합합니다.
WifiSubscriptionYesNo,0.0003515229187905,Y,429,와이파이 공유기 사용 여부,와이파이 사용,와이파이 사용
TotalOctetTransmitted_GB,0.1044784530863398,2.921739292,430,와이파이 사용 데이터 송신량,데이터 사용량 많음,인터넷 사용량이 많은 편이라 IPTV 이용에 적합합니다.
InternetProductName,0.0395430791587568,기가,430,인터넷 상품명,기가인터넷 사용,기가인터넷 이용
WifiSubscriptionYesNo,0.0010985091142356,Y,430,와이파이 공유기 사용 여부,와이파이 사용,와이파이 사용
TotalOctetReceived_GB,0.1650353176909266,116.0,431,와이파이 사용 데이터 수신량,데이터 사용량 많음,인터넷 사용량이 많은 편이라 IPTV 이용에 적합합니다.
InternetProductName,0.0680906296521425,기가,431,인터넷 상품명,기가인터넷 사용,기가인터넷 이용
WifiSubscriptionYesNo,0.0010985091142356,Y,431,와이파이 공유기 사용 여부,와이파이 사용,와이파이 사용
ReAgreementYesNo,1.180787509882648,Y,432,재약정 여부,재약정함,재약정 이력이 있음
InternetProductName,0.0736613299150485,기가라이트,432,인터넷 상품명,기가인터넷 사용,기가인터넷 이용
TotalOctetReceived_GB,0.0704473084694473,80.555970941,432,와이파이 사용 데이터 수신량,데이터 사용량 많음,인터넷 사용량이 많은 편이라 IPTV 이용에 적합합니다.
TotalOctetReceived_GB,0.4297188482852652,193.0,433,와이파이 사용 데이터 수신량,데이터 사용량 많음,인터넷 사용량이 많은 편이라 IPTV 이용에 적합합니다.
InternetProductName,0.0272100671217776,기가,433,인터넷 상품명,기가인터넷 사용,기가인터넷 이용
WifiSubscriptionYesNo,0.0010985091142356,Y,433,와이파이 공유기 사용 여부,와이파이 사용,와이파이 사용
TotalOctetReceived_GB,0.5040122736044578,248.0,434,와이파이 사용 데이터 수신량,데이터 사용량 많음,인터넷 사용량이 많은 편이라 IPTV 이용에 적합합니다.
InternetProductName,0.1177223144914023,기가라이트,434,인터넷 상품명,기가인터넷 사용,기가인터넷 이용
WifiSubscriptionYesNo,0.0010985091142356,Y,434,와이파이 공유기 사용 여부,와이파이 사용,와이파이 사용
MaxServiceAfscrbPassoverPeriod,1.033754686464672,146,435,서비스 가입 후 경과 기간(월),장기고객,SK 브로드밴드 장기 이용 고객
ReAgreementYesNo,0.9822092695499304,Y,435,재약정 여부,재약정함,재약정 이력이 있음
MaxServiceAfscrbPassoverPeriod,0.1374030447017867,57,436,서비스 가입 후 경과 기간(월),장기고객,SK 브로드밴드 장기 이용 고객
MonthlyDeviceNumber,0.0584654796741961,14,436,와이파이 접속 기기 수,데이터 사용량 많음,인터넷 사용량이 많은 편이라 IPTV 이용에 적합합니다.
WifiSubscriptionYesNo,0.0003515229187905,Y,436,와이파이 공유기 사용 여부,와이파이 사용,와이파이 사용
MonthlyDeviceNumber,0.052026766447816,7,437,와이파이 접속 기기 수,데이터 사용량 많음,인터넷 사용량이 많은 편이라 IPTV 이용에 적합합니다.
WifiSubscriptionYesNo,0.0003515229187905,Y,437,와이파이 공유기 사용 여부,와이파이 사용,와이파이 사용
ReAgreementYesNo,0.9645390409787796,Y,438,재약정 여부,재약정함,재약정 이력이 있음
TotalOctetReceived_GB,0.1314857120078522,108.0,438,와이파이 사용 데이터 수신량,데이터 사용량 많음,인터넷 사용량이 많은 편이라 IPTV 이용에 적합합니다.
InternetProductName,0.0633262509829364,기가,438,인터넷 상품명,기가인터넷 사용,기가인터넷 이용
TotalOctetTransmitted_GB,0.1419244985713157,2.90207339,439,와이파이 사용 데이터 송신량,데이터 사용량 많음,인터넷 사용량이 많은 편이라 IPTV 이용에 적합합니다.
InternetProductName,0.0962665210710838,기가라이트,439,인터넷 상품명,기가인터넷 사용,기가인터넷 이용
WifiSubscriptionYesNo,0.0010985091142356,Y,439,와이파이 공유기 사용 여부,와이파이 사용,와이파이 사용
MaxServiceAfscrbPassoverPeriod,1.3852919251722051,139,440,서비스 가입 후 경과 기간(월),장기고객,SK 브로드밴드 장기 이용 고객
TotalOctetTransmitted_GB,0.0796926189732039,2.122644494,440,와이파이 사용 데이터 송신량,데이터 사용량 많음,인터넷 사용량이 많은 편이라 IPTV 이용에 적합합니다.
InternetProductName,0.0625613830890506,기가라이트,440,인터넷 상품명,기가인터넷 사용,기가인터넷 이용
TotalOctetReceived_GB,0.352997105733375,112.0,441,와이파이 사용 데이터 수신량,데이터 사용량 많음,인터넷 사용량이 많은 편이라 IPTV 이용에 적합합니다.
InternetProductName,0.1453775233088526,기가라이트,441,인터넷 상품명,기가인터넷 사용,기가인터넷 이용
WifiSubscriptionYesNo,0.0010985091142356,Y,441,와이파이 공유기 사용 여부,와이파이 사용,와이파이 사용
WingsCount,0.6833594196406193,1,442,와이파이 확장기 수,윙즈(와이파이 확장기) 사용,SK 브로드밴드의 부가서비스를 이용
TotalOctetReceived_GB,0.2403860797872767,255.0,442,와이파이 사용 데이터 수신량,데이터 사용량 많음,인터넷 사용량이 많은 편이라 IPTV 이용에 적합합니다.
WifiSubscriptionYesNo,0.0003515229187905,Y,442,와이파이 공유기 사용 여부,와이파이 사용,와이파이 사용
MaxServiceAfscrbPassoverPeriod,0.6204521083086729,162,443,서비스 가입 후 경과 기간(월),장기고객,SK 브로드밴드 장기 이용 고객
InternetProductName,0.0424182492797262,기가라이트,443,인터넷 상품명,기가인터넷 사용,기가인터넷 이용
MonthlyDeviceNumber,0.0094652452568698,8,443,와이파이 접속 기기 수,데이터 사용량 많음,인터넷 사용량이 많은 편이라 IPTV 이용에 적합합니다.
TotalOctetTransmitted_GB,0.5108116207981948,264.0,444,와이파이 사용 데이터 송신량,데이터 사용량 많음,인터넷 사용량이 많은 편이라 IPTV 이용에 적합합니다.
MaxServiceAfscrbPassoverPeriod,0.1289647535583935,81,444,서비스 가입 후 경과 기간(월),장기고객,SK 브로드밴드 장기 이용 고객
InternetProductName,0.0736247661209199,기가라이트,444,인터넷 상품명,기가인터넷 사용,기가인터넷 이용
MaxServiceAfscrbPassoverPeriod,1.0427078396826983,144,445,서비스 가입 후 경과 기간(월),장기고객,SK 브로드밴드 장기 이용 고객
TotalOctetReceived_GB,0.1278295416460605,106.0,445,와이파이 사용 데이터 수신량,데이터 사용량 많음,인터넷 사용량이 많은 편이라 IPTV 이용에 적합합니다.
InternetProductName,0.0460648660504375,기가라이트,445,인터넷 상품명,기가인터넷 사용,기가인터넷 이용
MonthlyDeviceNumber,0.1222777414167649,10,446,와이파이 접속 기기 수,데이터 사용량 많음,인터넷 사용량이 많은 편이라 IPTV 이용에 적합합니다.
InternetProductName,0.0757314943615347,기가라이트,446,인터넷 상품명,기가인터넷 사용,기가인터넷 이용
WifiSubscriptionYesNo,0.0010985091142356,Y,446,와이파이 공유기 사용 여부,와이파이 사용,와이파이 사용
InternetProductName,0.0945454998651985,기가라이트,447,인터넷 상품명,기가인터넷 사용,기가인터넷 이용
WifiSubscriptionYesNo,0.0010985091142356,Y,447,와이파이 공유기 사용 여부,와이파이 사용,와이파이 사용
InternetProductName,0.109470201007789,기가라이트,448,인터넷 상품명,기가인터넷 사용,기가인터넷 이용
MonthlyDeviceNumber,0.0897334956401027,13,448,와이파이 접속 기기 수,데이터 사용량 많음,인터넷 사용량이 많은 편이라 IPTV 이용에 적합합니다.
WifiSubscriptionYesNo,0.0010985091142356,Y,448,와이파이 공유기 사용 여부,와이파이 사용,와이파이 사용
MonthlyDeviceNumber,0.0554300393509038,8,449,와이파이 접속 기기 수,데이터 사용량 많음,인터넷 사용량이 많은 편이라 IPTV 이용에 적합합니다.
InternetProductName,0.0430673310591373,기가라이트,449,인터넷 상품명,기가인터넷 사용,기가인터넷 이용
WifiSubscriptionYesNo,0.0003075825516134,Y,449,와이파이 공유기 사용 여부,와이파이 사용,와이파이 사용
InternetProductName,0.0999707436922471,기가라이트,450,인터넷 상품명,기가인터넷 사용,기가인터넷 이용
TotalOctetTransmitted_GB,0.0841851496219169,1.699174503,450,와이파이 사용 데이터 송신량,데이터 사용량 많음,인터넷 사용량이 많은 편이라 IPTV 이용에 적합합니다.
WifiSubscriptionYesNo,0.0010985091142356,Y,450,와이파이 공유기 사용 여부,와이파이 사용,와이파이 사용
TotalOctetReceived_GB,0.2115476872114231,844.0,451,와이파이 사용 데이터 수신량,데이터 사용량 많음,인터넷 사용량이 많은 편이라 IPTV 이용에 적합합니다.
WifiSubscriptionYesNo,0.0003515229187905,Y,451,와이파이 공유기 사용 여부,와이파이 사용,와이파이 사용
ReAgreementYesNo,1.1664230460330145,Y,452,재약정 여부,재약정함,재약정 이력이 있음
ReAgreementYesNo,1.2892459090150077,Y,453,재약정 여부,재약정함,재약정 이력이 있음
InternetProductName,0.0534120557375717,기가라이트,453,인터넷 상품명,기가인터넷 사용,기가인터넷 이용
MonthlyDeviceNumber,0.0384155518301122,9,453,와이파이 접속 기기 수,데이터 사용량 많음,인터넷 사용량이 많은 편이라 IPTV 이용에 적합합니다.
WifiSubscriptionYesNo,0.0003515229187905,Y,454,와이파이 공유기 사용 여부,와이파이 사용,와이파이 사용
InternetProductName,0.0646480826707556,기가,456,인터넷 상품명,기가인터넷 사용,기가인터넷 이용
TotalOctetReceived_GB,0.0268977813067613,71.609296519,456,와이파이 사용 데이터 수신량,데이터 사용량 많음,인터넷 사용량이 많은 편이라 IPTV 이용에 적합합니다.
WifiSubscriptionYesNo,0.0010985091142356,Y,456,와이파이 공유기 사용 여부,와이파이 사용,와이파이 사용
InternetProductName,0.0378180222830269,기가라이트,457,인터넷 상품명,기가인터넷 사용,기가인터넷 이용
WifiSubscriptionYesNo,0.0010985091142356,Y,457,와이파이 공유기 사용 여부,와이파이 사용,와이파이 사용
InternetProductName,0.059915916940663,기가,458,인터넷 상품명,기가인터넷 사용,기가인터넷 이용
WifiSubscriptionYesNo,0.0010985091142356,Y,458,와이파이 공유기 사용 여부,와이파이 사용,와이파이 사용
TotalOctetReceived_GB,0.2267395784299878,156.0,459,와이파이 사용 데이터 수신량,데이터 사용량 많음,인터넷 사용량이 많은 편이라 IPTV 이용에 적합합니다.
InternetProductName,0.1393458268139511,기가라이트,459,인터넷 상품명,기가인터넷 사용,기가인터넷 이용
WifiSubscriptionYesNo,0.0010985091142356,Y,459,와이파이 공유기 사용 여부,와이파이 사용,와이파이 사용
TotalOctetTransmitted_GB,0.1483899766459944,4.133930096,460,와이파이 사용 데이터 송신량,데이터 사용량 많음,인터넷 사용량이 많은 편이라 IPTV 이용에 적합합니다.
InternetProductName,0.0876046765514183,기가라이트,460,인터넷 상품명,기가인터넷 사용,기가인터넷 이용
WifiSubscriptionYesNo,0.0010985091142356,Y,460,와이파이 공유기 사용 여부,와이파이 사용,와이파이 사용
TotalOctetReceived_GB,0.2093743680429179,122.0,461,와이파이 사용 데이터 수신량,데이터 사용량 많음,인터넷 사용량이 많은 편이라 IPTV 이용에 적합합니다.
WifiSubscriptionYesNo,0.0003515229187905,Y,461,와이파이 공유기 사용 여부,와이파이 사용,와이파이 사용
WifiSubscriptionYesNo,0.0003515229187905,Y,462,와이파이 공유기 사용 여부,와이파이 사용,와이파이 사용
WifiSubscriptionYesNo,0.0003515229187905,Y,464,와이파이 공유기 사용 여부,와이파이 사용,와이파이 사용
InternetProductName,0.0805678542423993,기가,465,인터넷 상품명,기가인터넷 사용,기가인터넷 이용
MonthlyDeviceNumber,0.0350287782191298,21,465,와이파이 접속 기기 수,데이터 사용량 많음,인터넷 사용량이 많은 편이라 IPTV 이용에 적합합니다.
WifiSubscriptionYesNo,0.0010985091142356,Y,465,와이파이 공유기 사용 여부,와이파이 사용,와이파이 사용
InternetProductName,0.093553680232726,기가라이트,466,인터넷 상품명,기가인터넷 사용,기가인터넷 이용
TotalOctetTransmitted_GB,0.0436449657060438,2.165474239,466,와이파이 사용 데이터 송신량,데이터 사용량 많음,인터넷 사용량이 많은 편이라 IPTV 이용에 적합합니다.
WifiSubscriptionYesNo,0.0010985091142356,Y,466,와이파이 공유기 사용 여부,와이파이 사용,와이파이 사용
MaxServiceAfscrbPassoverPeriod,0.7187104995601112,176,467,서비스 가입 후 경과 기간(월),장기고객,SK 브로드밴드 장기 이용 고객
MonthlyDeviceNumber,0.1029486458092287,11,467,와이파이 접속 기기 수,데이터 사용량 많음,인터넷 사용량이 많은 편이라 IPTV 이용에 적합합니다.
InternetProductName,0.0381704511411953,기가라이트,467,인터넷 상품명,기가인터넷 사용,기가인터넷 이용
MonthlyDeviceNumber,0.0714926544320769,10,468,와이파이 접속 기기 수,데이터 사용량 많음,인터넷 사용량이 많은 편이라 IPTV 이용에 적합합니다.
WifiSubscriptionYesNo,0.0003515229187905,Y,468,와이파이 공유기 사용 여부,와이파이 사용,와이파이 사용
InternetProductName,0.0769469174405094,기가라이트,469,인터넷 상품명,기가인터넷 사용,기가인터넷 이용
WifiSubscriptionYesNo,0.0010985091142356,Y,469,와이파이 공유기 사용 여부,와이파이 사용,와이파이 사용
InternetProductName,0.1068360025540459,기가라이트,470,인터넷 상품명,기가인터넷 사용,기가인터넷 이용
MonthlyDeviceNumber,0.0811927924104384,14,470,와이파이 접속 기기 수,데이터 사용량 많음,인터넷 사용량이 많은 편이라 IPTV 이용에 적합합니다.
WifiSubscriptionYesNo,0.0010985091142356,Y,470,와이파이 공유기 사용 여부,와이파이 사용,와이파이 사용
TotalOctetReceived_GB,0.3210775073635159,115.0,471,와이파이 사용 데이터 수신량,데이터 사용량 많음,인터넷 사용량이 많은 편이라 IPTV 이용에 적합합니다.
InternetProductName,0.1432719960191752,기가라이트,471,인터넷 상품명,기가인터넷 사용,기가인터넷 이용
WifiSubscriptionYesNo,0.0010985091142356,Y,471,와이파이 공유기 사용 여부,와이파이 사용,와이파이 사용
MonthlyDeviceNumber,0.1064284374368435,6,472,와이파이 접속 기기 수,데이터 사용량 많음,인터넷 사용량이 많은 편이라 IPTV 이용에 적합합니다.
MaxServiceAfscrbPassoverPeriod,0.0893556491297204,90,472,서비스 가입 후 경과 기간(월),장기고객,SK 브로드밴드 장기 이용 고객
InternetProductName,0.0534323208569549,기가라이트,472,인터넷 상품명,기가인터넷 사용,기가인터넷 이용
TotalOctetTransmitted_GB,0.0421664339301059,13.543002217,473,와이파이 사용 데이터 송신량,데이터 사용량 많음,인터넷 사용량이 많은 편이라 IPTV 이용에 적합합니다.
WifiSubscriptionYesNo,0.0003515229187905,Y,473,와이파이 공유기 사용 여부,와이파이 사용,와이파이 사용
WifiSubscriptionYesNo,0.0003515229187905,Y,474,와이파이 공유기 사용 여부,와이파이 사용,와이파이 사용
TotalOctetReceived_GB,0.113122135149897,124.0,475,와이파이 사용 데이터 수신량,데이터 사용량 많음,인터넷 사용량이 많은 편이라 IPTV 이용에 적합합니다.
WifiSubscriptionYesNo,0.0003515229187905,Y,475,와이파이 공유기 사용 여부,와이파이 사용,와이파이 사용
ReAgreementYesNo,0.635260850393679,Y,476,재약정 여부,재약정함,재약정 이력이 있음
MaxServiceAfscrbPassoverPeriod,0.376795177932363,190,476,서비스 가입 후 경과 기간(월),장기고객,SK 브로드밴드 장기 이용 고객
InternetProductName,0.0344286515947897,기가라이트,476,인터넷 상품명,기가인터넷 사용,기가인터넷 이용
InternetProductName,0.1395795382757205,기가라이트,477,인터넷 상품명,기가인터넷 사용,기가인터넷 이용
TotalOctetReceived_GB,0.1082786505942931,162.0,477,와이파이 사용 데이터 수신량,데이터 사용량 많음,인터넷 사용량이 많은 편이라 IPTV 이용에 적합합니다.
WifiSubscriptionYesNo,0.0010985091142356,Y,477,와이파이 공유기 사용 여부,와이파이 사용,와이파이 사용
MonthlyDeviceNumber,0.1351386679382994,9,478,와이파이 접속 기기 수,데이터 사용량 많음,인터넷 사용량이 많은 편이라 IPTV 이용에 적합합니다.
WifiSubscriptionYesNo,0.0003515229187905,Y,478,와이파이 공유기 사용 여부,와이파이 사용,와이파이 사용
InternetProductName,0.0194950692856218,기가라이트,479,인터넷 상품명,기가인터넷 사용,기가인터넷 이용
MaxServiceAfscrbPassoverPeriod,0.7692248757369816,185,480,서비스 가입 후 경과 기간(월),장기고객,SK 브로드밴드 장기 이용 고객
TotalOctetTransmitted_GB,0.6052044517983449,280.0,480,와이파이 사용 데이터 송신량,데이터 사용량 많음,인터넷 사용량이 많은 편이라 IPTV 이용에 적합합니다.
InternetProductName,0.0359657689440064,기가라이트,480,인터넷 상품명,기가인터넷 사용,기가인터넷 이용
MonthlyDeviceNumber,0.1215849260741379,10,481,와이파이 접속 기기 수,데이터 사용량 많음,인터넷 사용량이 많은 편이라 IPTV 이용에 적합합니다.
InternetProductName,0.111704625057755,기가라이트,481,인터넷 상품명,기가인터넷 사용,기가인터넷 이용
WifiSubscriptionYesNo,0.0010985091142356,Y,481,와이파이 공유기 사용 여부,와이파이 사용,와이파이 사용
ReAgreementYesNo,0.6927011931431479,Y,484,재약정 여부,재약정함,재약정 이력이 있음
TotalOctetReceived_GB,0.1152042135340161,114.0,485,와이파이 사용 데이터 수신량,데이터 사용량 많음,인터넷 사용량이 많은 편이라 IPTV 이용에 적합합니다.
InternetProductName,0.1051859389350284,기가라이트,485,인터넷 상품명,기가인터넷 사용,기가인터넷 이용
MaxServiceAfscrbPassoverPeriod,0.0619079229724593,76,485,서비스 가입 후 경과 기간(월),장기고객,SK 브로드밴드 장기 이용 고객
InternetProductName,0.0939538893254939,기가라이트,486,인터넷 상품명,기가인터넷 사용,기가인터넷 이용
MonthlyDeviceNumber,0.026732238640543,22,486,와이파이 접속 기기 수,데이터 사용량 많음,인터넷 사용량이 많은 편이라 IPTV 이용에 적합합니다.
WifiSubscriptionYesNo,0.0003075825516134,Y,486,와이파이 공유기 사용 여부,와이파이 사용,와이파이 사용
InternetProductName,0.1101162659574765,기가라이트,487,인터넷 상품명,기가인터넷 사용,기가인터넷 이용
MonthlyDeviceNumber,0.1100827991752885,12,487,와이파이 접속 기기 수,데이터 사용량 많음,인터넷 사용량이 많은 편이라 IPTV 이용에 적합합니다.
WifiSubscriptionYesNo,0.0010985091142356,Y,487,와이파이 공유기 사용 여부,와이파이 사용,와이파이 사용
InternetProductName,0.1054880219267215,기가라이트,488,인터넷 상품명,기가인터넷 사용,기가인터넷 이용
WifiSubscriptionYesNo,0.0010985091142356,Y,488,와이파이 공유기 사용 여부,와이파이 사용,와이파이 사용
ReAgreementYesNo,1.3322368294326588,Y,489,재약정 여부,재약정함,재약정 이력이 있음
TotalOctetReceived_GB,0.2859066437056753,243.0,489,와이파이 사용 데이터 수신량,데이터 사용량 많음,인터넷 사용량이 많은 편이라 IPTV 이용에 적합합니다.
InternetProductName,0.1157821954390965,기가라이트,489,인터넷 상품명,기가인터넷 사용,기가인터넷 이용
MaxServiceAfscrbPassoverPeriod,1.283096010168083,144,492,서비스 가입 후 경과 기간(월),장기고객,SK 브로드밴드 장기 이용 고객
InternetProductName,0.0613825589057523,기가라이트,492,인터넷 상품명,기가인터넷 사용,기가인터넷 이용
MonthlyDeviceNumber,0.0085792535477958,24,492,와이파이 접속 기기 수,데이터 사용량 많음,인터넷 사용량이 많은 편이라 IPTV 이용에 적합합니다.
ReAgreementYesNo,0.7933481730747736,Y,493,재약정 여부,재약정함,재약정 이력이 있음
MaxServiceAfscrbPassoverPeriod,0.1945727359486045,298,493,서비스 가입 후 경과 기간(월),장기고객,SK 브로드밴드 장기 이용 고객
TotalOctetTransmitted_GB,0.0712950536911375,2.481310633,493,와이파이 사용 데이터 송신량,데이터 사용량 많음,인터넷 사용량이 많은 편이라 IPTV 이용에 적합합니다.
ReAgreementYesNo,0.5577636929240544,Y,494,재약정 여부,재약정함,재약정 이력이 있음
MonthlyDeviceNumber,0.1394102355837821,10,494,와이파이 접속 기기 수,데이터 사용량 많음,인터넷 사용량이 많은 편이라 IPTV 이용에 적합합니다.
InternetProductName,0.1173639740247745,기가라이트,494,인터넷 상품명,기가인터넷 사용,기가인터넷 이용
MonthlyDeviceNumber,0.1165543485511443,11,495,와이파이 접속 기기 수,데이터 사용량 많음,인터넷 사용량이 많은 편이라 IPTV 이용에 적합합니다.
InternetProductName,0.104570526353782,기가라이트,495,인터넷 상품명,기가인터넷 사용,기가인터넷 이용
WifiSubscriptionYesNo,0.0010985091142356,Y,495,와이파이 공유기 사용 여부,와이파이 사용,와이파이 사용
TotalOctetTransmitted_GB,0.1616573718609288,40.931169757,496,와이파이 사용 데이터 송신량,데이터 사용량 많음,인터넷 사용량이 많은 편이라 IPTV 이용에 적합합니다.
MaxServiceAfscrbPassoverPeriod,0.1296293059317395,92,496,서비스 가입 후 경과 기간(월),장기고객,SK 브로드밴드 장기 이용 고객
InternetProductName,0.0624556510266847,기가라이트,496,인터넷 상품명,기가인터넷 사용,기가인터넷 이용
MaxServiceAfscrbPassoverPeriod,0.92294300455309,122,498,서비스 가입 후 경과 기간(월),장기고객,SK 브로드밴드 장기 이용 고객
WingsCount,0.527488525378867,1,498,와이파이 확장기 수,윙즈(와이파이 확장기) 사용,SK 브로드밴드의 부가서비스를 이용
InternetProductName,0.0671076010470278,기가라이트,498,인터넷 상품명,기가인터넷 사용,기가인터넷 이용
InternetProductName,0.1059866472601425,기가라이트,499,인터넷 상품명,기가인터넷 사용,기가인터넷 이용
WifiSubscriptionYesNo,0.0010985091142356,Y,499,와이파이 공유기 사용 여부,와이파이 사용,와이파이 사용
InternetProductName,0.118806193562923,기가라이트,500,인터넷 상품명,기가인터넷 사용,기가인터넷 이용
MonthlyDeviceNumber,0.0071898875001352,29,500,와이파이 접속 기기 수,데이터 사용량 많음,인터넷 사용량이 많은 편이라 IPTV 이용에 적합합니다.
WifiSubscriptionYesNo,0.0010985091142356,Y,500,와이파이 공유기 사용 여부,와이파이 사용,와이파이 사용
ReAgreementYesNo,1.3068445769348185,Y,501,재약정 여부,재약정함,재약정 이력이 있음
MaxServiceAfscrbPassoverPeriod,0.5877075340953888,70,501,서비스 가입 후 경과 기간(월),장기고객,SK 브로드밴드 장기 이용 고객
MonthlyDeviceNumber,0.0573486219148617,9,502,와이파이 접속 기기 수,데이터 사용량 많음,인터넷 사용량이 많은 편이라 IPTV 이용에 적합합니다.
WifiSubscriptionYesNo,0.0003515229187905,Y,502,와이파이 공유기 사용 여부,와이파이 사용,와이파이 사용
WingsCount,0.7680363854975439,1,503,와이파이 확장기 수,윙즈(와이파이 확장기) 사용,SK 브로드밴드의 부가서비스를 이용
TotalOctetTransmitted_GB,0.163580766521336,4.025362669,503,와이파이 사용 데이터 송신량,데이터 사용량 많음,인터넷 사용량이 많은 편이라 IPTV 이용에 적합합니다.
InternetProductName,0.1136015150579623,기가라이트,503,인터넷 상품명,기가인터넷 사용,기가인터넷 이용
InternetProductName,0.1384731844824273,기가라이트,504,인터넷 상품명,기가인터넷 사용,기가인터넷 이용
WifiSubscriptionYesNo,0.0010985091142356,Y,504,와이파이 공유기 사용 여부,와이파이 사용,와이파이 사용
InternetProductName,0.0849956884013954,기가라이트,505,인터넷 상품명,기가인터넷 사용,기가인터넷 이용
WifiSubscriptionYesNo,0.0010985091142356,Y,505,와이파이 공유기 사용 여부,와이파이 사용,와이파이 사용
ReAgreementYesNo,0.9484062566614012,Y,506,재약정 여부,재약정함,재약정 이력이 있음
TotalOctetReceived_GB,0.2951360568439122,117.0,506,와이파이 사용 데이터 수신량,데이터 사용량 많음,인터넷 사용량이 많은 편이라 IPTV 이용에 적합합니다.
InternetProductName,0.079533070839243,기가라이트,506,인터넷 상품명,기가인터넷 사용,기가인터넷 이용
TotalOctetReceived_GB,0.6255404713843018,418.0,507,와이파이 사용 데이터 수신량,데이터 사용량 많음,인터넷 사용량이 많은 편이라 IPTV 이용에 적합합니다.
WifiSubscriptionYesNo,0.0003515229187905,Y,507,와이파이 공유기 사용 여부,와이파이 사용,와이파이 사용
TotalOctetTransmitted_GB,0.065036692841677,2.617332834,508,와이파이 사용 데이터 송신량,데이터 사용량 많음,인터넷 사용량이 많은 편이라 IPTV 이용에 적합합니다.
WifiSubscriptionYesNo,0.0003515229187905,Y,508,와이파이 공유기 사용 여부,와이파이 사용,와이파이 사용
TotalOctetTransmitted_GB,0.0971212843258399,2.690500692,509,와이파이 사용 데이터 송신량,데이터 사용량 많음,인터넷 사용량이 많은 편이라 IPTV 이용에 적합합니다.
InternetProductName,0.0940378852910362,기가라이트,509,인터넷 상품명,기가인터넷 사용,기가인터넷 이용
WifiSubscriptionYesNo,0.0010985091142356,Y,509,와이파이 공유기 사용 여부,와이파이 사용,와이파이 사용
MonthlyDeviceNumber,0.0141170278808567,7,510,와이파이 접속 기기 수,데이터 사용량 많음,인터넷 사용량이 많은 편이라 IPTV 이용에 적합합니다.
WifiSubscriptionYesNo,0.0003515229187905,Y,510,와이파이 공유기 사용 여부,와이파이 사용,와이파이 사용
InternetProductName,0.0978621423593722,기가라이트,511,인터넷 상품명,기가인터넷 사용,기가인터넷 이용
MonthlyDeviceNumber,0.0858854171680286,10,511,와이파이 접속 기기 수,데이터 사용량 많음,인터넷 사용량이 많은 편이라 IPTV 이용에 적합합니다.
WifiSubscriptionYesNo,0.0010985091142356,Y,511,와이파이 공유기 사용 여부,와이파이 사용,와이파이 사용
MaxServiceAfscrbPassoverPeriod,0.1056636317732045,59,512,서비스 가입 후 경과 기간(월),장기고객,SK 브로드밴드 장기 이용 고객
InternetProductName,0.056920501954155,기가,512,인터넷 상품명,기가인터넷 사용,기가인터넷 이용
MonthlyDeviceNumber,0.0303942145399923,21,512,와이파이 접속 기기 수,데이터 사용량 많음,인터넷 사용량이 많은 편이라 IPTV 이용에 적합합니다.
InternetProductName,0.0659853212919551,기가라이트,513,인터넷 상품명,기가인터넷 사용,기가인터넷 이용
WifiSubscriptionYesNo,0.0010985091142356,Y,513,와이파이 공유기 사용 여부,와이파이 사용,와이파이 사용
TotalOctetReceived_GB,0.2731532256182982,134.0,514,와이파이 사용 데이터 수신량,데이터 사용량 많음,인터넷 사용량이 많은 편이라 IPTV 이용에 적합합니다.
InternetProductName,0.0277194301132112,기가,514,인터넷 상품명,기가인터넷 사용,기가인터넷 이용
WifiSubscriptionYesNo,0.0010985091142356,Y,514,와이파이 공유기 사용 여부,와이파이 사용,와이파이 사용
ReAgreementYesNo,1.0077336642239243,Y,515,재약정 여부,재약정함,재약정 이력이 있음
TotalOctetTransmitted_GB,0.0592167084047105,60.689160297,515,와이파이 사용 데이터 송신량,데이터 사용량 많음,인터넷 사용량이 많은 편이라 IPTV 이용에 적합합니다.
WifiSubscriptionYesNo,0.0001757614687085,Y,515,와이파이 공유기 사용 여부,와이파이 사용,와이파이 사용
InternetProductName,0.0698298108705785,기가라이트,516,인터넷 상품명,기가인터넷 사용,기가인터넷 이용
TotalOctetReceived_GB,0.037199164617923,98.782936685,516,와이파이 사용 데이터 수신량,데이터 사용량 많음,인터넷 사용량이 많은 편이라 IPTV 이용에 적합합니다.
WifiSubscriptionYesNo,0.0010985091142356,Y,516,와이파이 공유기 사용 여부,와이파이 사용,와이파이 사용
TotalOctetTransmitted_GB,0.0932574078667676,51.649063512,517,와이파이 사용 데이터 송신량,데이터 사용량 많음,인터넷 사용량이 많은 편이라 IPTV 이용에 적합합니다.
MaxServiceAfscrbPassoverPeriod,0.0819789467402733,69,517,서비스 가입 후 경과 기간(월),장기고객,SK 브로드밴드 장기 이용 고객
WifiSubscriptionYesNo,0.0003515229187905,Y,517,와이파이 공유기 사용 여부,와이파이 사용,와이파이 사용
TotalOctetReceived_GB,0.2615355331345927,118.0,518,와이파이 사용 데이터 수신량,데이터 사용량 많음,인터넷 사용량이 많은 편이라 IPTV 이용에 적합합니다.
WifiSubscriptionYesNo,0.0003515229187905,Y,518,와이파이 공유기 사용 여부,와이파이 사용,와이파이 사용
InternetProductName,0.1317293695278931,기가라이트,519,인터넷 상품명,기가인터넷 사용,기가인터넷 이용
WifiSubscriptionYesNo,0.0010985091142356,Y,519,와이파이 공유기 사용 여부,와이파이 사용,와이파이 사용
